temperature,wavenumber,self_continuum_cross_section,uncertainty
293,2010,1.76E-22,3.5E-23
293,2020,1.65E-22,3.5E-23
293,2030,1.40E-22,3.0E-23
293,2040,1.32E-22,3.4E-23
293,2050,1.16E-22,3.3E-23
293,2060,1.06E-22,3.3E-23
293,2070,9.73E-23,3.2E-23
293,2080,9.15E-23,3.2E-23
293,2090,8.66E-23,3.2E-23
293,2100,8.39E-23,3.1E-23
293,2110,7.66E-23,2.9E-23
293,2120,7.07E-23,3.1E-23
293,2130,6.75E-23,3.1E-23
293,2140,6.65E-23,3.1E-23
293,2150,6.21E-23,3.0E-23
293,2160,5.91E-23,3.1E-23
293,2170,5.64E-23,3.0E-23
293,2180,5.42E-23,3.0E-23
293,2190,5.14E-23,3.0E-23
293,2200,5.20E-23,3.0E-23
293,2210,5.21E-23,3.0E-23
293,2220,4.83E-23,3.0E-23
293,2230,4.67E-23,3.0E-23
293,2240,4.69E-23,3.0E-23
293,2250,4.77E-23,3.0E-23
293,2260,4.80E-23,3.0E-23
293,2270,4.57E-23,3.0E-23
293,2280,4.69E-23,3.0E-23
293,2290,4.49E-23,2.9E-23
293,2300,4.43E-23,3.0E-23
293,2310,4.52E-23,3.0E-23
293,2320,4.61E-23,3.0E-23
293,2330,4.71E-23,3.1E-23
293,2340,4.62E-23,3.1E-23
293,2350,4.66E-23,3.1E-23
293,2360,4.63E-23,3.1E-23
293,2370,4.24E-23,3.1E-23
293,2380,3.93E-23,3.0E-23
293,2390,3.75E-23,3.0E-23
293,2400,3.71E-23,3.0E-23
293,2410,3.68E-23,3.0E-23
293,2420,3.73E-23,3.0E-23
293,2430,3.65E-23,3.0E-23
293,2440,3.61E-23,3.0E-23
293,2450,3.60E-23,3.0E-23
293,2460,3.72E-23,3.1E-23
293,2470,3.70E-23,3.1E-23
293,2480,3.66E-23,3.1E-23
293,2490,3.59E-23,3.1E-23
293,2500,3.64E-23,3.1E-23
293,2510,3.65E-23,3.1E-23
293,2520,3.61E-23,3.1E-23
293,2530,3.66E-23,3.1E-23
293,2540,3.55E-23,3.1E-23
293,2550,3.73E-23,3.1E-23
293,2560,3.58E-23,3.1E-23
293,2570,3.60E-23,3.1E-23
293,2580,3.77E-23,3.1E-23
293,2590,3.75E-23,3.1E-23
293,2600,3.59E-23,3.1E-23
293,2610,3.83E-23,3.1E-23
293,2620,3.96E-23,3.1E-23
293,2630,3.74E-23,3.1E-23
293,2640,3.78E-23,3.1E-23
293,2650,3.54E-23,3.1E-23
293,2660,3.91E-23,3.1E-23
293,2670,3.88E-23,3.1E-23
293,2680,3.76E-23,3.1E-23
293,2690,3.96E-23,3.1E-23
293,2700,4.14E-23,3.1E-23
293,2710,4.18E-23,3.2E-23
293,2720,3.86E-23,3.2E-23
293,2730,4.19E-23,3.2E-23
293,2740,4.00E-23,3.2E-23
293,2750,3.98E-23,3.2E-23
293,2760,3.98E-23,3.2E-23
293,2770,4.10E-23,3.2E-23
293,2780,4.02E-23,3.1E-23
293,2790,4.15E-23,3.2E-23
293,2800,4.50E-23,3.2E-23
293,2810,4.69E-23,3.2E-23
293,2820,4.64E-23,3.2E-23
293,2830,4.70E-23,3.1E-23
293,2840,4.91E-23,3.2E-23
293,2850,5.02E-23,3.2E-23
293,2860,5.11E-23,3.2E-23
293,2870,5.53E-23,3.3E-23
293,2880,5.65E-23,3.3E-23
293,2890,5.64E-23,3.2E-23
293,2900,5.57E-23,3.3E-23
293,2910,5.69E-23,3.3E-23
293,2920,5.64E-23,3.3E-23
293,2930,6.15E-23,3.3E-23
293,2940,6.29E-23,3.3E-23
293,2950,6.42E-23,3.3E-23
293,2960,6.67E-23,3.3E-23
293,2970,7.28E-23,3.3E-23
293,2980,6.72E-23,3.3E-23
293,2990,6.48E-23,3.3E-23
293,3000,6.24E-23,3.3E-23
293,3010,6.74E-23,3.3E-23
293,3020,6.93E-23,3.3E-23
293,3030,8.11E-23,3.3E-23
293,3040,7.77E-23,3.3E-23
293,3050,8.62E-23,3.3E-23
293,3060,9.76E-23,3.3E-23
293,3070,8.97E-23,3.3E-23
293,3080,1.03E-22,3.3E-23
293,3090,9.60E-23,3.3E-23
293,3100,1.08E-22,3.3E-23
293,3110,1.09E-22,3.3E-23
293,3120,1.15E-22,3.3E-23
293,3130,1.04E-22,3.3E-23
293,3140,1.07E-22,3.3E-23
293,3150,1.23E-22,3.3E-23
293,3160,1.34E-22,3.3E-23
293,3170,1.75E-22,3.4E-23
293,3180,2.10E-22,3.4E-23
293,3190,2.15E-22,3.4E-23
293,3200,2.37E-22,5.0E-23
293,3210,2.12E-22,5.0E-23
293,3220,1.93E-22,4.8E-23
293,3230,1.70E-22,4.7E-23
293,3240,1.68E-22,4.7E-23
293,3250,1.60E-22,4.7E-23
293,3260,1.54E-22,4.7E-23
293,3270,1.42E-22,4.6E-23
293,3280,1.40E-22,4.7E-23
293,3290,1.48E-22,4.7E-23
293,3300,1.53E-22,4.7E-23
293,3310,1.49E-22,6.3E-23
293,3320,1.39E-22,4.7E-23
293,3330,1.46E-22,4.7E-23
293,3340,1.53E-22,5.2E-23
293,3350,1.66E-22,4.7E-23
293,3360,1.48E-22,4.7E-23
293,3370,1.80E-22,4.8E-23
293,3380,1.70E-22,4.8E-23
293,3390,2.16E-22,4.8E-23
293,3400,2.25E-22,4.8E-23
293,3410,2.47E-22,4.9E-23
293,3420,2.54E-22,5.0E-23
293,3430,2.52E-22,5.6E-23
293,3440,3.92E-22,5.8E-23
293,3450,4.38E-22,5.7E-23
293,3460,5.31E-22,5.9E-23
293,3470,5.55E-22,5.9E-23
293,3480,6.72E-22,6.3E-23
293,3490,8.12E-22,7.0E-23
293,3500,8.29E-22,7.2E-23
293,3510,1.01E-21,1.1E-22
293,3520,1.05E-21,8.1E-23
293,3530,1.33E-21,1.1E-22
293,3920,8.39E-22,1.0E-22
293,3930,7.84E-22,1.2E-22
293,3940,5.19E-22,6.0E-23
293,3950,4.40E-22,7.1E-23
293,3960,2.64E-22,5.1E-23
293,3970,2.43E-22,4.8E-23
293,3980,1.91E-22,3.9E-23
293,3990,1.77E-22,4.5E-23
293,4000,1.85E-22,4.4E-23
293,4010,1.80E-22,4.5E-23
293,4020,1.74E-22,4.5E-23
293,4030,1.25E-22,4.1E-23
293,4040,1.30E-22,4.1E-23
293,4050,1.22E-22,4.1E-23
293,4060,1.11E-22,4.0E-23
293,4070,1.08E-22,4.1E-23
293,4080,1.06E-22,4.1E-23
293,4090,9.71E-23,4.0E-23
293,4100,9.20E-23,3.9E-23
293,4110,9.08E-23,3.9E-23
293,4120,8.75E-23,4.0E-23
293,4130,8.74E-23,4.0E-23
293,4140,8.58E-23,3.7E-23
293,4150,7.91E-23,3.9E-23
293,4160,7.49E-23,3.9E-23
293,4170,7.52E-23,4.0E-23
293,4180,7.05E-23,3.9E-23
293,4190,7.16E-23,3.9E-23
293,4200,6.89E-23,3.9E-23
293,4210,6.79E-23,3.8E-23
293,4220,6.66E-23,3.8E-23
293,4230,6.41E-23,3.8E-23
293,4240,6.39E-23,3.8E-23
293,4250,6.22E-23,3.9E-23
293,4260,5.93E-23,3.8E-23
293,4270,6.12E-23,3.8E-23
293,4280,5.62E-23,3.8E-23
293,4290,5.53E-23,3.8E-23
293,4300,5.44E-23,3.8E-23
293,4310,5.33E-23,3.8E-23
293,4320,5.27E-23,3.8E-23
293,4330,5.18E-23,3.8E-23
293,4340,5.18E-23,3.8E-23
293,4350,5.01E-23,3.8E-23
293,4360,5.17E-23,3.8E-23
293,4370,4.85E-23,3.8E-23
293,4380,5.02E-23,3.8E-23
293,4390,4.98E-23,3.8E-23
293,4400,4.90E-23,3.8E-23
293,4410,4.82E-23,3.8E-23
293,4420,4.98E-23,3.8E-23
293,4430,4.75E-23,3.8E-23
293,4440,4.83E-23,3.8E-23
293,4450,4.72E-23,3.8E-23
293,4460,4.89E-23,3.8E-23
293,4470,4.32E-23,3.8E-23
293,4480,4.53E-23,3.8E-23
293,4490,4.37E-23,3.8E-23
293,4500,4.42E-23,3.7E-23
293,4510,4.47E-23,3.8E-23
293,4520,4.55E-23,3.8E-23
293,4530,4.48E-23,3.8E-23
293,4540,4.34E-23,3.8E-23
293,4550,4.54E-23,3.8E-23
293,4560,4.40E-23,3.8E-23
293,4570,4.61E-23,3.8E-23
293,4580,4.41E-23,3.9E-23
293,4590,4.62E-23,3.9E-23
293,4600,4.15E-23,3.8E-23
293,4610,4.39E-23,3.8E-23
293,4620,4.59E-23,3.9E-23
293,4630,4.30E-23,3.9E-23
293,4640,4.00E-23,3.7E-23
293,4650,4.55E-23,3.9E-23
293,4660,4.21E-23,3.9E-23
293,4670,4.16E-23,3.9E-23
293,4680,4.27E-23,3.9E-23
293,4690,4.29E-23,3.9E-23
293,4700,4.39E-23,3.9E-23
293,4710,4.03E-23,3.9E-23
293,4720,4.43E-23,3.9E-23
293,4730,4.42E-23,3.8E-23
293,4740,4.54E-23,4.0E-23
293,4750,4.19E-23,4.0E-23
293,4760,4.65E-23,4.0E-23
293,4770,4.96E-23,3.9E-23
293,4780,4.96E-23,3.9E-23
293,4790,4.17E-23,3.8E-23
293,4800,4.21E-23,3.9E-23
293,4810,4.36E-23,4.0E-23
293,4820,4.09E-23,3.9E-23
293,4830,4.09E-23,3.8E-23
293,4840,3.87E-23,3.9E-23
293,4850,4.03E-23,3.7E-23
293,4860,3.84E-23,3.6E-23
293,4870,3.88E-23,3.7E-23
293,4880,4.24E-23,3.9E-23
293,4890,3.88E-23,3.8E-23
293,4900,4.20E-23,4.0E-23
293,4910,4.07E-23,3.7E-23
293,4920,3.83E-23,4.0E-23
293,4930,4.13E-23,3.7E-23
293,4940,4.14E-23,4.0E-23
293,4950,3.97E-23,3.7E-23
293,4960,4.30E-23,3.9E-23
293,4970,4.23E-23,3.9E-23
293,4980,4.36E-23,4.1E-23
293,4990,4.45E-23,4.6E-23
293,5000,4.37E-23,4.1E-23
293,5010,5.05E-23,4.2E-23
293,5020,4.40E-23,4.2E-23
293,5030,4.60E-23,4.1E-23
293,5040,4.39E-23,4.2E-23
293,5050,4.79E-23,4.3E-23
293,5060,4.74E-23,4.2E-23
293,5070,5.72E-23,4.4E-23
293,5080,6.78E-23,4.9E-23
293,5090,6.18E-23,6.8E-23
293,5100,1.31E-22,6.6E-23
293,5110,1.23E-22,6.6E-23
293,5120,1.43E-22,8.2E-23
293,5130,1.64E-22,7.1E-23
293,5140,1.87E-22,6.3E-23
293,5150,2.22E-22,1.3E-22
293,5160,3.45E-22,9.0E-23
293,5170,3.13E-22,1.1E-22
293,5180,3.66E-22,1.4E-22
293,5190,4.12E-22,1.7E-22
293,5480,3.18E-22,1.3E-22
293,5490,3.44E-22,1.0E-22
293,5500,2.61E-22,8.8E-23
293,5510,2.60E-22,6.4E-23
293,5520,1.91E-22,6.1E-23
293,5530,1.46E-22,5.8E-23
293,5540,1.94E-22,5.5E-23
293,5550,1.79E-22,7.5E-23
293,5560,1.46E-22,5.7E-23
293,5570,1.05E-22,6.0E-23
293,5580,7.25E-23,5.0E-23
293,5590,6.53E-23,5.0E-23
293,5600,4.97E-23,3.0E-23
293,5610,4.91E-23,4.0E-23
350,2010,6.29E-23,1.3E-23
350,2020,5.91E-23,1.2E-23
350,2030,5.11E-23,7.9E-24
350,2040,4.29E-23,1.2E-23
350,2050,3.91E-23,6.6E-24
350,2060,3.33E-23,7.4E-24
350,2070,3.10E-23,5.4E-24
350,2080,2.69E-23,5.4E-24
350,2090,2.40E-23,5.2E-24
350,2100,2.11E-23,4.2E-24
350,2110,1.87E-23,3.8E-24
350,2120,1.76E-23,3.6E-24
350,2130,1.55E-23,3.2E-24
350,2140,1.40E-23,3.3E-24
350,2150,1.21E-23,2.8E-24
350,2160,1.09E-23,2.7E-24
350,2170,1.02E-23,2.5E-24
350,2180,9.32E-24,2.3E-24
350,2190,8.89E-24,2.3E-24
350,2200,8.10E-24,2.1E-24
350,2210,7.72E-24,2.2E-24
350,2220,7.28E-24,2.1E-24
350,2230,6.84E-24,2.0E-24
350,2240,6.42E-24,1.9E-24
350,2250,5.95E-24,1.9E-24
350,2260,5.75E-24,1.8E-24
350,2270,5.22E-24,1.8E-24
350,2280,5.00E-24,1.7E-24
350,2290,4.79E-24,1.7E-24
350,2300,4.59E-24,1.7E-24
350,2310,4.40E-24,1.6E-24
350,2320,4.22E-24,1.6E-24
350,2330,4.04E-24,1.6E-24
350,2340,3.91E-24,1.5E-24
350,2350,3.74E-24,1.5E-24
350,2360,3.57E-24,1.5E-24
350,2370,3.41E-24,1.4E-24
350,2380,3.26E-24,1.4E-24
350,2390,3.12E-24,1.4E-24
350,2400,2.99E-24,1.4E-24
350,2410,2.89E-24,1.3E-24
350,2420,2.79E-24,1.3E-24
350,2430,2.74E-24,1.3E-24
350,2440,2.65E-24,1.3E-24
350,2450,2.57E-24,1.3E-24
350,2460,2.51E-24,1.3E-24
350,2470,2.45E-24,1.3E-24
350,2480,2.39E-24,1.3E-24
350,2490,2.32E-24,1.3E-24
350,2500,2.24E-24,1.3E-24
350,2510,2.19E-24,1.3E-24
350,2520,2.16E-24,1.3E-24
350,2530,2.12E-24,1.3E-24
350,2540,2.11E-24,1.3E-24
350,2550,2.09E-24,1.3E-24
350,2560,2.09E-24,1.3E-24
350,2570,2.11E-24,1.3E-24
350,2580,2.08E-24,1.3E-24
350,2590,2.08E-24,1.3E-24
350,2600,2.06E-24,1.3E-24
350,2610,2.08E-24,1.3E-24
350,2620,2.11E-24,1.3E-24
350,2630,2.12E-24,1.3E-24
350,2640,2.12E-24,1.3E-24
350,2650,2.17E-24,1.3E-24
350,2660,2.23E-24,1.3E-24
350,2670,2.25E-24,1.4E-24
350,2680,2.32E-24,1.4E-24
350,2690,2.33E-24,1.4E-24
350,2700,2.33E-24,1.4E-24
350,2710,2.36E-24,1.4E-24
350,2720,2.36E-24,1.4E-24
350,2730,2.40E-24,1.4E-24
350,2740,2.44E-24,1.4E-24
350,2750,2.52E-24,1.4E-24
350,2760,2.59E-24,1.4E-24
350,2770,2.69E-24,1.4E-24
350,2780,2.79E-24,1.5E-24
350,2790,2.87E-24,1.4E-24
350,2800,2.98E-24,1.5E-24
350,2810,3.10E-24,1.5E-24
350,2820,3.22E-24,1.5E-24
350,2830,3.34E-24,1.5E-24
350,2840,3.46E-24,1.5E-24
350,2850,3.60E-24,1.5E-24
350,2860,3.84E-24,1.6E-24
350,2870,4.13E-24,1.6E-24
350,2880,4.25E-24,1.6E-24
350,2890,4.40E-24,1.6E-24
350,2900,4.68E-24,1.7E-24
350,2910,5.05E-24,1.8E-24
350,2920,5.28E-24,1.7E-24
350,2930,5.71E-24,2.1E-24
350,2940,6.37E-24,2.1E-24
350,2950,6.83E-24,2.0E-24
350,2960,7.24E-24,2.3E-24
350,2970,8.13E-24,2.7E-24
350,2980,9.22E-24,3.5E-24
350,2990,1.02E-23,3.2E-24
350,3000,1.14E-23,2.9E-24
350,3010,1.39E-23,5.0E-24
350,3020,1.57E-23,4.0E-24
350,3030,1.92E-23,6.9E-24
350,3040,2.03E-23,4.1E-24
350,3050,2.23E-23,5.3E-24
350,3060,2.36E-23,6.8E-24
350,3070,2.38E-23,5.0E-24
350,3080,2.48E-23,6.2E-24
350,3090,2.71E-23,5.2E-24
350,3100,2.83E-23,9.0E-24
350,3110,2.84E-23,9.6E-24
350,3120,2.90E-23,1.1E-23
350,3130,2.89E-23,6.3E-24
350,3140,2.95E-23,5.5E-24
350,3150,3.28E-23,5.8E-24
350,3160,3.80E-23,5.9E-24
350,3170,4.58E-23,7.5E-24
350,3180,5.23E-23,9.3E-24
350,3190,5.77E-23,9.4E-24
350,3200,6.10E-23,1.1E-23
350,3210,6.04E-23,1.2E-23
350,3220,5.89E-23,1.2E-23
350,3230,5.67E-23,1.4E-23
350,3240,5.45E-23,1.1E-23
350,3250,5.25E-23,8.9E-24
350,3260,5.10E-23,1.1E-23
350,3270,4.95E-23,1.2E-23
350,3280,4.93E-23,1.2E-23
350,3290,4.91E-23,1.0E-23
350,3300,4.90E-23,1.0E-23
350,3310,5.00E-23,1.1E-23
350,3320,5.26E-23,9.3E-24
350,3330,5.47E-23,1.0E-23
350,3340,5.60E-23,1.2E-23
350,3350,6.48E-23,1.1E-23
350,3360,6.60E-23,2.6E-23
350,3370,6.57E-23,1.5E-23
350,3380,7.69E-23,1.4E-23
350,3390,8.23E-23,1.6E-23
350,3400,8.99E-23,1.6E-23
350,3410,9.39E-23,1.7E-23
350,3420,1.02E-22,2.0E-23
350,3430,1.15E-22,2.5E-23
350,3440,1.45E-22,3.6E-23
350,3450,1.64E-22,2.9E-23
350,3460,1.94E-22,3.6E-23
350,3470,2.22E-22,4.1E-23
350,3480,2.55E-22,5.6E-23
350,3490,2.84E-22,5.5E-23
350,3500,3.35E-22,7.4E-23
350,3510,3.82E-22,8.4E-23
350,3520,4.72E-22,1.1E-22
350,3530,4.87E-22,1.6E-22
350,3920,4.31E-22,2.2E-22
350,3930,3.40E-22,2.4E-22
350,3940,2.40E-22,8.6E-23
350,3950,1.98E-22,7.6E-23
350,3960,1.64E-22,5.2E-23
350,3970,1.35E-22,3.8E-23
350,3980,1.12E-22,2.5E-23
350,3990,9.22E-23,2.6E-23
350,4000,7.94E-23,1.5E-23
350,4010,7.31E-23,1.9E-23
350,4020,6.64E-23,1.4E-23
350,4030,6.16E-23,9.2E-24
350,4040,5.02E-23,9.0E-24
350,4050,4.80E-23,8.0E-24
350,4060,4.53E-23,7.0E-24
350,4070,4.24E-23,6.3E-24
350,4080,3.91E-23,7.1E-24
350,4090,3.68E-23,6.5E-24
350,4100,3.32E-23,5.1E-24
350,4110,3.21E-23,4.9E-24
350,4120,3.08E-23,4.7E-24
350,4130,2.87E-23,4.8E-24
350,4140,2.70E-23,5.3E-24
350,4150,2.49E-23,4.1E-24
350,4160,2.42E-23,3.7E-24
350,4170,2.20E-23,3.6E-24
350,4180,2.07E-23,3.4E-24
350,4190,1.93E-23,3.8E-24
350,4200,1.76E-23,3.4E-24
350,4210,1.65E-23,3.0E-24
350,4220,1.63E-23,3.1E-24
350,4230,1.57E-23,2.8E-24
350,4240,1.49E-23,2.8E-24
350,4250,1.38E-23,2.9E-24
350,4260,1.30E-23,2.4E-24
350,4270,1.22E-23,2.3E-24
350,4280,1.12E-23,2.3E-24
350,4290,1.06E-23,2.2E-24
350,4300,1.01E-23,2.1E-24
350,4310,9.66E-24,2.1E-24
350,4320,8.97E-24,2.0E-24
350,4330,8.52E-24,1.9E-24
350,4340,8.12E-24,1.9E-24
350,4350,7.99E-24,1.8E-24
350,4360,7.57E-24,1.8E-24
350,4370,6.96E-24,1.7E-24
350,4380,6.69E-24,1.7E-24
350,4390,6.43E-24,1.7E-24
350,4400,6.20E-24,1.7E-24
350,4410,5.92E-24,1.6E-24
350,4420,5.58E-24,1.6E-24
350,4430,5.35E-24,1.6E-24
350,4440,5.15E-24,1.5E-24
350,4450,4.93E-24,1.5E-24
350,4460,4.74E-24,1.5E-24
350,4470,4.55E-24,1.5E-24
350,4480,4.41E-24,1.5E-24
350,4490,4.24E-24,1.4E-24
350,4500,4.11E-24,1.4E-24
350,4510,4.00E-24,1.4E-24
350,4520,3.87E-24,1.4E-24
350,4530,3.77E-24,1.4E-24
350,4540,3.60E-24,1.4E-24
350,4550,3.51E-24,1.4E-24
350,4560,3.44E-24,1.4E-24
350,4570,3.33E-24,1.3E-24
350,4580,3.22E-24,1.4E-24
350,4590,3.20E-24,1.3E-24
350,4600,3.12E-24,1.3E-24
350,4610,3.05E-24,1.3E-24
350,4620,2.95E-24,1.3E-24
350,4630,2.90E-24,1.3E-24
350,4640,2.76E-24,1.3E-24
350,4650,2.72E-24,1.3E-24
350,4660,2.74E-24,1.3E-24
350,4670,2.70E-24,1.3E-24
350,4680,2.66E-24,1.3E-24
350,4690,2.64E-24,1.3E-24
350,4700,2.69E-24,1.2E-24
350,4710,2.74E-24,1.3E-24
350,4720,2.76E-24,1.3E-24
350,4730,2.74E-24,1.3E-24
350,4740,2.69E-24,1.3E-24
350,4750,2.56E-24,1.3E-24
350,4760,2.42E-24,1.3E-24
350,4770,2.34E-24,1.3E-24
350,4780,2.32E-24,1.2E-24
350,4790,2.31E-24,1.2E-24
350,4800,2.27E-24,1.2E-24
350,4810,2.18E-24,1.2E-24
350,4820,2.24E-24,1.2E-24
350,4830,2.27E-24,1.2E-24
350,4840,2.20E-24,1.2E-24
350,4850,2.23E-24,1.2E-24
350,4860,2.28E-24,1.2E-24
350,4870,2.26E-24,1.3E-24
350,4880,2.33E-24,1.2E-24
350,4890,2.38E-24,1.2E-24
350,4900,2.47E-24,1.3E-24
350,4910,2.65E-24,1.3E-24
350,4920,2.61E-24,1.3E-24
350,4930,2.69E-24,1.3E-24
350,4940,2.91E-24,1.3E-24
350,4950,3.12E-24,1.4E-24
350,4960,3.33E-24,1.6E-24
350,4970,3.60E-24,1.4E-24
350,4980,4.04E-24,1.5E-24
350,4990,4.26E-24,1.7E-24
350,5000,4.61E-24,1.6E-24
350,5010,5.05E-24,1.8E-24
350,5020,5.49E-24,1.7E-24
350,5030,5.92E-24,2.1E-24
350,5040,6.36E-24,2.0E-24
350,5050,6.92E-24,2.5E-24
350,5060,8.31E-24,2.1E-24
350,5070,9.54E-24,2.9E-24
350,5080,1.11E-23,2.7E-24
350,5090,1.34E-23,4.0E-24
350,5100,1.47E-23,4.2E-24
350,5110,1.66E-23,5.3E-24
350,5120,1.93E-23,9.6E-24
350,5130,2.52E-23,9.4E-24
350,5140,2.96E-23,1.1E-23
350,5150,4.14E-23,1.4E-23
350,5160,4.64E-23,2.2E-23
350,5170,5.24E-23,2.1E-23
350,5180,6.34E-23,2.6E-23
350,5190,7.87E-23,3.2E-23
350,5480,1.18E-22,2.5E-23
350,5490,8.66E-23,5.5E-23
350,5500,8.10E-23,2.2E-23
350,5510,7.00E-23,2.0E-23
350,5520,4.82E-23,1.9E-23
350,5530,3.59E-23,1.2E-23
350,5540,3.05E-23,7.8E-24
350,5550,2.74E-23,1.3E-23
350,5560,2.23E-23,4.5E-24
350,5570,1.44E-23,5.8E-24
350,5580,1.27E-23,3.5E-24
350,5590,1.07E-23,2.9E-24
350,5600,9.52E-24,3.1E-24
350,5610,8.51E-24,1.4E-24
350,5620,7.46E-24,1.4E-24
350,5630,6.55E-24,1.2E-24
350,5640,6.09E-24,9.5E-25
350,5650,5.62E-24,7.1E-25
350,5660,5.08E-24,8.5E-25
350,5670,4.58E-24,6.2E-25
350,5680,4.38E-24,5.0E-25
350,6690,2.93E-24,6.2E-25
350,6700,3.28E-24,6.7E-25
350,6710,4.25E-24,6.1E-25
350,6720,5.89E-24,1.4E-24
350,6730,6.55E-24,1.9E-24
350,6740,7.23E-24,1.4E-24
350,6750,7.91E-24,2.0E-24
350,6760,9.12E-24,2.0E-24
350,6770,9.74E-24,2.8E-24
350,6780,1.03E-23,1.6E-24
350,6790,1.02E-23,2.5E-24
350,6800,1.02E-23,3.1E-24
350,6810,9.69E-24,2.3E-24
350,6820,8.88E-24,3.2E-24
350,6830,8.57E-24,1.3E-24
350,6840,8.97E-24,1.5E-24
350,6850,8.65E-24,1.6E-24
350,6860,9.36E-24,2.0E-24
350,6870,1.00E-23,2.2E-24
350,6880,1.28E-23,2.4E-24
350,6890,1.47E-23,3.6E-24
350,6900,1.54E-23,2.8E-24
350,6910,1.73E-23,3.9E-24
350,6920,1.79E-23,3.3E-24
350,6930,1.74E-23,4.4E-24
350,6940,1.78E-23,5.6E-24
350,6950,1.78E-23,3.9E-24
350,6960,1.78E-23,5.2E-24
350,6970,1.96E-23,5.8E-24
350,6980,1.98E-23,8.4E-24
350,6990,2.02E-23,4.3E-24
350,7000,2.21E-23,5.7E-24
350,7010,2.58E-23,6.2E-24
350,7020,2.61E-23,6.3E-24
350,7030,2.77E-23,6.9E-24
350,7040,3.59E-23,1.2E-23
350,7050,3.92E-23,1.0E-23
350,7060,5.12E-23,1.6E-23
350,7070,6.16E-23,1.9E-23
350,7080,7.62E-23,1.4E-23
350,7380,6.73E-23,4.4E-23
350,7390,6.11E-23,2.3E-23
350,7400,5.83E-23,1.1E-23
350,7410,5.30E-23,4.9E-24
350,7420,4.29E-23,5.9E-24
350,7430,3.33E-23,3.7E-24
350,7440,2.73E-23,2.6E-24
350,7450,1.81E-23,2.2E-24
350,7460,1.55E-23,1.6E-24
350,7470,8.61E-24,1.3E-24
350,7480,7.52E-24,1.2E-24
350,7490,6.89E-24,1.1E-24
350,7500,6.30E-24,1.2E-24
350,7510,5.51E-24,1.5E-24
350,7520,4.96E-24,1.2E-24
350,7530,4.33E-24,7.5E-25
350,7540,4.09E-24,5.6E-25
350,7550,3.92E-24,5.6E-25
350,7560,3.89E-24,5.4E-25
350,7570,3.45E-24,5.1E-25
350,7580,3.19E-24,4.1E-25
350,8560,3.33E-24,6.6E-25
350,8570,3.48E-24,7.7E-25
350,8580,3.69E-24,1.0E-24
350,8590,4.32E-24,7.8E-25
350,8600,4.79E-24,7.8E-25
350,8610,4.89E-24,2.0E-24
350,8620,4.93E-24,2.4E-24
350,8980,5.53E-24,2.9E-24
350,8990,4.13E-24,1.9E-24
350,9000,3.87E-24,2.3E-24
350,9010,3.69E-24,2.2E-24
350,9020,3.59E-24,2.1E-24
350,9030,3.56E-24,1.6E-24
350,9040,3.52E-24,1.7E-24
350,9050,3.35E-24,1.7E-24
350,9060,3.13E-24,1.6E-24
350,9070,2.78E-24,1.6E-24
350,9080,2.52E-24,1.4E-24
374,2010,4.55E-23,5.4E-24
374,2020,4.37E-23,3.4E-24
374,2030,3.78E-23,4.0E-24
374,2040,3.20E-23,3.2E-24
374,2050,2.94E-23,3.1E-24
374,2060,2.47E-23,2.6E-24
374,2070,2.24E-23,2.2E-24
374,2080,1.79E-23,2.1E-24
374,2090,1.57E-23,1.2E-24
374,2100,1.38E-23,1.6E-24
374,2110,1.31E-23,1.5E-24
374,2120,1.24E-23,1.3E-24
374,2130,1.05E-23,1.3E-24
374,2140,8.62E-24,7.3E-25
374,2150,7.24E-24,9.7E-25
374,2160,7.14E-24,9.3E-25
374,2170,7.04E-24,8.4E-25
374,2180,6.31E-24,8.4E-25
374,2190,5.74E-24,6.8E-25
374,2200,4.86E-24,6.4E-25
374,2210,4.31E-24,6.1E-25
374,2220,4.14E-24,5.4E-25
374,2230,3.96E-24,5.9E-25
374,2240,3.66E-24,5.2E-25
374,2250,3.40E-24,5.2E-25
374,2260,3.34E-24,4.5E-25
374,2270,3.13E-24,4.8E-25
374,2280,2.89E-24,4.7E-25
374,2290,2.77E-24,4.6E-25
374,2300,2.66E-24,4.4E-25
374,2310,2.55E-24,4.3E-25
374,2320,2.45E-24,4.1E-25
374,2330,2.35E-24,3.9E-25
374,2340,2.26E-24,3.8E-25
374,2350,2.16E-24,3.6E-25
374,2360,2.08E-24,3.5E-25
374,2370,1.99E-24,3.3E-25
374,2380,1.91E-24,3.2E-25
374,2390,1.84E-24,3.2E-25
374,2400,1.77E-24,3.2E-25
374,2410,1.71E-24,3.1E-25
374,2420,1.64E-24,3.1E-25
374,2430,1.59E-24,3.1E-25
374,2440,1.53E-24,3.0E-25
374,2450,1.49E-24,3.0E-25
374,2460,1.47E-24,2.8E-25
374,2470,1.45E-24,2.9E-25
374,2480,1.42E-24,2.8E-25
374,2490,1.36E-24,2.8E-25
374,2500,1.32E-24,2.7E-25
374,2510,1.26E-24,2.8E-25
374,2520,1.24E-24,2.6E-25
374,2530,1.19E-24,2.7E-25
374,2540,1.15E-24,2.5E-25
374,2550,1.15E-24,2.7E-25
374,2560,1.20E-24,2.7E-25
374,2570,1.22E-24,2.7E-25
374,2580,1.19E-24,2.8E-25
374,2590,1.18E-24,2.5E-25
374,2600,1.12E-24,2.7E-25
374,2610,1.18E-24,2.7E-25
374,2620,1.16E-24,2.7E-25
374,2630,1.07E-24,2.7E-25
374,2640,1.15E-24,2.4E-25
374,2650,1.16E-24,2.7E-25
374,2660,1.19E-24,2.6E-25
374,2670,1.26E-24,3.0E-25
374,2680,1.35E-24,2.8E-25
374,2690,1.38E-24,2.8E-25
374,2700,1.36E-24,2.9E-25
374,2710,1.26E-24,2.7E-25
374,2720,1.23E-24,2.6E-25
374,2730,1.30E-24,2.8E-25
374,2740,1.40E-24,2.7E-25
374,2750,1.40E-24,2.8E-25
374,2760,1.34E-24,2.9E-25
374,2770,1.35E-24,2.8E-25
374,2780,1.34E-24,3.0E-25
374,2790,1.33E-24,2.7E-25
374,2800,1.42E-24,2.8E-25
374,2810,1.45E-24,3.0E-25
374,2820,1.44E-24,3.1E-25
374,2830,1.55E-24,3.1E-25
374,2840,1.66E-24,3.2E-25
374,2850,1.77E-24,3.2E-25
374,2860,1.94E-24,3.3E-25
374,2870,2.09E-24,3.5E-25
374,2880,2.15E-24,3.2E-25
374,2890,2.27E-24,3.0E-25
374,2900,2.25E-24,3.9E-25
374,2910,2.39E-24,3.4E-25
374,2920,2.57E-24,3.9E-25
374,2930,3.01E-24,3.7E-25
374,2940,3.20E-24,4.9E-25
374,2950,3.38E-24,5.3E-25
374,2960,3.57E-24,4.5E-25
374,2970,4.37E-24,5.1E-25
374,2980,4.39E-24,5.4E-25
374,2990,4.93E-24,6.6E-25
374,3000,6.39E-24,8.9E-25
374,3010,8.26E-24,7.1E-25
374,3020,9.95E-24,1.3E-24
374,3030,1.18E-23,1.2E-24
374,3040,1.29E-23,1.6E-24
374,3050,1.42E-23,1.3E-24
374,3060,1.47E-23,1.7E-24
374,3070,1.57E-23,1.7E-24
374,3080,1.69E-23,1.5E-24
374,3090,1.67E-23,2.1E-24
374,3100,1.67E-23,1.9E-24
374,3110,1.77E-23,1.9E-24
374,3120,1.77E-23,1.7E-24
374,3130,1.78E-23,1.5E-24
374,3140,1.93E-23,2.2E-24
374,3150,2.34E-23,2.3E-24
374,3160,2.52E-23,2.7E-24
374,3170,2.86E-23,2.9E-24
374,3180,3.25E-23,3.2E-24
374,3190,3.59E-23,4.0E-24
374,3200,3.76E-23,4.0E-24
374,3210,3.42E-23,4.6E-24
374,3220,3.30E-23,3.6E-24
374,3230,3.01E-23,3.2E-24
374,3240,2.86E-23,3.2E-24
374,3250,2.79E-23,3.6E-24
374,3260,2.78E-23,3.4E-24
374,3270,2.86E-23,3.4E-24
374,3280,3.00E-23,2.9E-24
374,3290,3.00E-23,2.8E-24
374,3300,2.95E-23,4.0E-24
374,3310,2.98E-23,3.1E-24
374,3320,3.08E-23,3.6E-24
374,3330,3.24E-23,2.5E-24
374,3340,3.26E-23,2.7E-24
374,3350,3.86E-23,4.6E-24
374,3360,4.05E-23,3.6E-24
374,3370,4.07E-23,4.3E-24
374,3380,4.97E-23,4.1E-24
374,3390,5.63E-23,7.3E-24
374,3400,6.20E-23,5.8E-24
374,3410,6.39E-23,8.0E-24
374,3420,6.78E-23,6.2E-24
374,3430,8.20E-23,8.5E-24
374,3440,9.82E-23,1.4E-23
374,3450,1.09E-22,1.5E-23
374,4070,2.86E-23,3.3E-24
374,4080,2.58E-23,3.3E-24
374,4090,2.50E-23,2.2E-24
374,4100,2.35E-23,2.5E-24
374,4110,2.25E-23,2.0E-24
374,4120,2.14E-23,2.2E-24
374,4130,1.90E-23,2.3E-24
374,4140,1.74E-23,1.6E-24
374,4150,1.52E-23,1.5E-24
374,4160,1.54E-23,1.4E-24
374,4170,1.44E-23,1.6E-24
374,4180,1.32E-23,1.3E-24
374,4190,1.26E-23,1.4E-24
374,4200,1.17E-23,1.3E-24
374,4210,1.15E-23,1.2E-24
374,4220,1.08E-23,1.2E-24
374,4230,1.07E-23,1.1E-24
374,4240,1.02E-23,1.2E-24
374,4250,9.39E-24,1.1E-24
374,4260,8.90E-24,9.5E-25
374,4270,8.31E-24,1.1E-24
374,4280,7.82E-24,9.1E-25
374,4290,7.43E-24,8.4E-25
374,4300,7.06E-24,8.4E-25
374,4310,6.75E-24,8.0E-25
374,4320,6.28E-24,7.7E-25
374,4330,6.04E-24,6.9E-25
374,4340,5.80E-24,7.0E-25
374,4350,5.58E-24,6.4E-25
374,4360,5.26E-24,6.4E-25
374,4370,4.98E-24,6.1E-25
374,4380,4.84E-24,5.9E-25
374,4390,4.68E-24,5.8E-25
374,4400,4.48E-24,5.7E-25
374,4410,4.28E-24,5.4E-25
374,4420,4.07E-24,5.3E-25
374,4430,3.93E-24,5.1E-25
374,4440,3.79E-24,5.0E-25
374,4450,3.60E-24,4.8E-25
374,4460,3.46E-24,4.6E-25
374,4470,3.36E-24,4.5E-25
374,4480,3.25E-24,4.5E-25
374,4490,3.08E-24,4.3E-25
374,4500,2.97E-24,4.2E-25
374,4510,2.87E-24,4.1E-25
374,4520,2.75E-24,4.1E-25
374,4530,2.64E-24,3.9E-25
374,4540,2.52E-24,3.9E-25
374,4550,2.55E-24,3.8E-25
374,4560,2.44E-24,3.8E-25
374,4570,2.31E-24,3.4E-25
374,4580,2.23E-24,3.6E-25
374,4590,2.21E-24,3.5E-25
374,4600,2.18E-24,3.4E-25
374,4610,2.16E-24,3.4E-25
374,4620,2.07E-24,3.4E-25
374,4630,2.01E-24,3.2E-25
374,4640,1.95E-24,3.3E-25
374,4650,1.93E-24,3.2E-25
374,4660,1.91E-24,3.1E-25
374,4670,1.88E-24,3.1E-25
374,4680,1.83E-24,3.1E-25
374,4690,1.82E-24,3.1E-25
374,4700,1.82E-24,3.3E-25
374,4710,1.79E-24,3.1E-25
374,4720,1.78E-24,3.1E-25
374,4730,1.73E-24,3.1E-25
374,4740,1.72E-24,3.0E-25
374,4750,1.66E-24,3.0E-25
374,4760,1.57E-24,2.9E-25
374,4770,1.48E-24,2.9E-25
374,4780,1.47E-24,2.8E-25
374,4790,1.47E-24,2.8E-25
374,4800,1.43E-24,2.7E-25
374,4810,1.36E-24,2.8E-25
374,4820,1.35E-24,2.7E-25
374,4830,1.31E-24,2.4E-25
374,4840,1.27E-24,2.4E-25
374,4850,1.31E-24,2.7E-25
374,4860,1.29E-24,2.3E-25
374,4870,1.24E-24,2.4E-25
374,4880,1.37E-24,2.6E-25
374,4890,1.36E-24,2.2E-25
374,4900,1.39E-24,2.6E-25
374,4910,1.52E-24,3.1E-25
374,4920,1.52E-24,2.7E-25
374,4930,1.52E-24,2.3E-25
374,4940,1.61E-24,3.0E-25
374,4950,1.55E-24,2.8E-25
374,4960,1.70E-24,3.0E-25
374,4970,1.93E-24,3.7E-25
374,4980,2.21E-24,3.6E-25
374,4990,2.33E-24,3.5E-25
374,5000,2.34E-24,4.1E-25
374,5010,2.69E-24,3.6E-25
374,5020,2.72E-24,4.6E-25
374,5030,3.10E-24,4.5E-25
374,5040,3.16E-24,5.2E-25
374,5050,3.61E-24,4.8E-25
374,5060,4.26E-24,5.9E-25
374,5070,4.87E-24,6.8E-25
374,5080,5.72E-24,7.2E-25
374,5090,6.96E-24,7.5E-25
374,5100,7.22E-24,7.4E-25
374,5110,8.30E-24,7.6E-25
374,5120,9.13E-24,1.2E-24
374,5620,3.90E-24,5.2E-25
374,5630,3.42E-24,4.3E-25
374,5640,2.95E-24,4.7E-25
374,5650,2.65E-24,4.0E-25
374,5660,2.51E-24,3.4E-25
374,5670,2.35E-24,4.0E-25
374,5680,2.25E-24,3.4E-25
374,5690,2.00E-24,3.1E-25
374,5700,1.84E-24,3.1E-25
374,5710,1.96E-24,3.1E-25
374,5720,1.87E-24,3.0E-25
374,5730,1.69E-24,3.0E-25
374,5740,1.53E-24,2.7E-25
374,5750,1.36E-24,2.7E-25
374,5760,1.34E-24,2.3E-25
374,5770,1.28E-24,2.4E-25
374,5780,1.27E-24,2.5E-25
374,5790,1.16E-24,2.2E-25
374,5800,1.09E-24,2.3E-25
374,5810,1.05E-24,2.2E-25
374,5820,9.54E-25,2.1E-25
374,5830,8.61E-25,2.0E-25
374,5840,8.06E-25,2.0E-25
374,5850,7.89E-25,1.9E-25
374,5860,7.20E-25,2.0E-25
374,5870,6.71E-25,1.7E-25
374,5880,6.45E-25,1.7E-25
374,5890,6.17E-25,1.8E-25
374,5900,5.95E-25,1.8E-25
374,5910,5.41E-25,1.7E-25
374,5920,5.05E-25,1.7E-25
374,5930,5.00E-25,1.7E-25
374,5940,4.85E-25,1.6E-25
374,5950,4.55E-25,1.6E-25
374,5960,4.07E-25,1.5E-25
374,5970,3.79E-25,1.5E-25
374,5980,3.67E-25,1.5E-25
374,5990,3.65E-25,1.5E-25
374,6000,3.64E-25,1.5E-25
374,6010,3.49E-25,1.5E-25
374,6020,3.27E-25,1.5E-25
374,6030,3.10E-25,1.5E-25
374,6040,3.10E-25,1.4E-25
374,6050,3.00E-25,1.5E-25
374,6060,2.87E-25,1.5E-25
374,6070,2.78E-25,1.5E-25
374,6080,2.98E-25,1.5E-25
374,6090,3.01E-25,1.5E-25
374,6100,2.85E-25,1.4E-25
374,6110,2.72E-25,1.4E-25
374,6120,2.64E-25,1.4E-25
374,6130,2.64E-25,1.4E-25
374,6140,2.70E-25,1.4E-25
374,6150,2.70E-25,1.4E-25
374,6160,2.50E-25,1.4E-25
374,6170,2.40E-25,1.4E-25
374,6180,2.38E-25,1.4E-25
374,6190,2.27E-25,1.4E-25
374,6200,2.22E-25,1.4E-25
374,6210,2.23E-25,1.4E-25
374,6220,2.20E-25,1.4E-25
374,6230,2.11E-25,1.4E-25
374,6240,2.11E-25,1.4E-25
374,6250,2.09E-25,1.4E-25
374,6260,2.06E-25,1.4E-25
374,6270,2.10E-25,1.4E-25
374,6280,2.20E-25,1.4E-25
374,6290,2.21E-25,1.4E-25
374,6300,2.21E-25,1.4E-25
374,6310,2.15E-25,1.4E-25
374,6320,2.14E-25,1.4E-25
374,6330,2.14E-25,1.4E-25
374,6340,2.06E-25,1.4E-25
374,6350,2.06E-25,1.4E-25
374,6360,2.05E-25,1.4E-25
374,6370,2.09E-25,1.4E-25
374,6380,2.00E-25,1.4E-25
374,6390,1.91E-25,1.4E-25
374,6400,1.94E-25,1.4E-25
374,6410,1.94E-25,1.4E-25
374,6420,1.86E-25,1.4E-25
374,6430,1.84E-25,1.4E-25
374,6440,1.85E-25,1.4E-25
374,6450,1.83E-25,1.4E-25
374,6460,1.88E-25,1.4E-25
374,6470,1.89E-25,1.4E-25
374,6480,1.97E-25,1.4E-25
374,6490,1.97E-25,1.4E-25
374,6500,1.99E-25,1.4E-25
374,6510,1.98E-25,1.4E-25
374,6520,2.06E-25,1.4E-25
374,6530,2.26E-25,1.4E-25
374,6540,2.82E-25,1.4E-25
374,6550,3.12E-25,1.4E-25
374,6560,3.19E-25,1.5E-25
374,6570,3.25E-25,1.5E-25
374,6580,3.65E-25,1.6E-25
374,6590,3.71E-25,1.7E-25
374,6600,3.91E-25,2.4E-25
374,6610,4.12E-25,2.4E-25
374,6620,4.57E-25,1.6E-25
374,6630,5.62E-25,1.7E-25
374,6640,6.02E-25,1.8E-25
374,6650,8.42E-25,2.3E-25
374,6660,9.12E-25,2.2E-25
374,6670,1.01E-24,2.2E-25
374,6680,1.03E-24,2.3E-25
374,6690,1.05E-24,2.4E-25
374,6700,1.15E-24,2.2E-25
374,6710,1.20E-24,2.6E-25
374,6720,1.89E-24,3.5E-25
374,6730,2.00E-24,3.5E-25
374,6740,2.20E-24,3.4E-25
374,6750,2.86E-24,3.4E-25
374,6760,3.12E-24,5.6E-25
374,6770,3.30E-24,4.9E-25
374,6780,3.39E-24,6.4E-25
374,6790,3.60E-24,4.9E-25
374,6800,3.53E-24,5.2E-25
374,6810,3.45E-24,4.6E-25
374,6820,3.15E-24,6.8E-25
374,6830,3.46E-24,4.6E-25
374,6840,3.70E-24,5.4E-25
374,6850,3.76E-24,5.5E-25
374,6860,4.00E-24,4.8E-25
374,6870,4.26E-24,5.2E-25
374,6880,4.53E-24,7.2E-25
374,6890,4.83E-24,8.1E-25
374,6900,5.14E-24,9.9E-25
374,6910,5.47E-24,1.0E-24
374,6920,5.83E-24,1.2E-24
374,6930,6.20E-24,8.6E-25
374,6940,6.60E-24,7.4E-25
374,6950,7.03E-24,7.9E-25
374,6960,7.49E-24,1.0E-24
374,6970,7.97E-24,8.2E-25
374,6980,8.49E-24,1.1E-24
374,6990,9.04E-24,1.8E-24
374,7000,9.62E-24,1.3E-24
374,7010,1.02E-23,1.2E-24
374,7020,1.09E-23,1.3E-24
374,7030,1.16E-23,1.6E-24
374,7040,1.24E-23,1.6E-24
374,7050,1.32E-23,2.1E-24
374,7060,1.40E-23,4.0E-24
374,7070,1.49E-23,4.0E-24
374,7080,1.59E-23,5.3E-24
374,7450,3.57E-23,7.5E-25
374,7460,2.80E-23,5.8E-25
374,7470,9.24E-24,3.9E-25
374,7480,4.23E-24,4.6E-25
374,7490,3.00E-24,4.3E-25
374,7500,2.67E-24,3.5E-25
374,7510,2.30E-24,3.4E-25
374,7520,2.04E-24,3.2E-25
374,7530,1.77E-24,2.4E-25
374,7540,1.60E-24,2.7E-25
374,7550,1.46E-24,2.9E-25
374,7560,1.28E-24,2.6E-25
374,7570,1.28E-24,2.6E-25
374,7580,1.15E-24,2.3E-25
374,7590,1.03E-24,2.5E-25
374,7600,9.82E-25,1.9E-25
374,7610,9.36E-25,2.4E-25
374,7620,9.08E-25,2.5E-25
374,7630,8.38E-25,2.1E-25
374,7640,7.62E-25,1.8E-25
374,7650,7.06E-25,1.7E-25
374,7660,6.36E-25,1.8E-25
374,7670,6.10E-25,1.7E-25
374,7680,5.79E-25,1.7E-25
374,7690,5.39E-25,1.7E-25
374,7700,5.05E-25,1.6E-25
374,7710,4.47E-25,1.5E-25
374,7720,4.38E-25,1.6E-25
374,7730,4.17E-25,1.5E-25
374,7740,4.13E-25,1.6E-25
374,7750,3.79E-25,1.5E-25
374,7760,3.62E-25,1.5E-25
374,7770,3.48E-25,1.4E-25
374,7780,3.47E-25,1.5E-25
374,7790,3.47E-25,1.5E-25
374,7800,3.41E-25,1.5E-25
374,7810,3.12E-25,1.4E-25
374,7820,2.95E-25,1.5E-25
374,7830,2.98E-25,1.5E-25
374,7840,2.74E-25,1.4E-25
374,7850,2.59E-25,1.4E-25
374,7860,2.51E-25,1.4E-25
374,7870,2.43E-25,1.4E-25
374,7880,2.36E-25,1.5E-25
374,7890,2.31E-25,1.4E-25
374,7900,2.21E-25,1.5E-25
374,7910,2.16E-25,1.5E-25
374,7920,2.08E-25,1.5E-25
374,7930,2.07E-25,1.5E-25
374,7940,2.03E-25,1.4E-25
374,7950,1.95E-25,1.5E-25
374,7960,1.86E-25,1.5E-25
374,7970,1.89E-25,1.4E-25
374,7980,1.90E-25,1.5E-25
374,7990,1.84E-25,1.5E-25
374,8000,1.82E-25,1.5E-25
374,8010,1.79E-25,1.5E-25
374,8020,1.80E-25,1.4E-25
374,8030,1.76E-25,1.6E-25
374,8040,1.77E-25,1.4E-25
374,8050,1.77E-25,1.6E-25
374,8060,1.80E-25,1.5E-25
374,8070,1.83E-25,1.5E-25
374,8080,1.84E-25,1.5E-25
374,8090,1.85E-25,1.4E-25
374,8100,1.85E-25,1.5E-25
374,8110,1.94E-25,1.5E-25
374,8120,2.10E-25,1.5E-25
374,8130,2.17E-25,1.6E-25
374,8140,2.18E-25,1.6E-25
374,8150,2.26E-25,1.6E-25
374,8160,2.33E-25,1.7E-25
374,8170,2.37E-25,1.6E-25
374,8180,2.42E-25,1.6E-25
374,8190,2.46E-25,1.7E-25
374,8200,2.60E-25,1.6E-25
374,8210,2.70E-25,1.7E-25
374,8220,2.86E-25,1.6E-25
374,8230,2.96E-25,1.6E-25
374,8240,3.01E-25,1.7E-25
374,8250,3.09E-25,1.7E-25
374,8260,3.17E-25,1.7E-25
374,8270,3.23E-25,1.6E-25
374,8280,3.29E-25,1.6E-25
374,8290,3.60E-25,1.6E-25
374,8300,3.79E-25,1.6E-25
374,8310,3.85E-25,1.7E-25
374,8320,3.92E-25,1.7E-25
374,8330,3.98E-25,1.8E-25
374,8340,4.05E-25,1.8E-25
374,8350,4.11E-25,1.8E-25
374,8360,4.24E-25,1.9E-25
374,8370,4.56E-25,2.0E-25
374,8380,4.68E-25,2.0E-25
374,8390,4.78E-25,2.0E-25
374,8400,4.92E-25,2.0E-25
374,8410,5.30E-25,2.3E-25
374,8420,5.51E-25,2.0E-25
374,8430,6.58E-25,2.0E-25
374,8440,7.03E-25,2.1E-25
374,8450,7.35E-25,2.4E-25
374,8460,7.67E-25,2.9E-25
374,8470,8.65E-25,2.2E-25
374,8480,9.28E-25,1.9E-25
374,8490,9.66E-25,2.3E-25
374,8500,9.98E-25,2.4E-25
374,8510,1.03E-24,2.4E-25
374,8520,1.07E-24,2.4E-25
374,8530,1.11E-24,2.4E-25
374,8540,1.15E-24,2.5E-25
374,8550,1.20E-24,2.5E-25
374,8560,1.25E-24,2.5E-25
374,8570,1.41E-24,2.3E-25
374,8580,1.45E-24,2.4E-25
374,8590,1.49E-24,2.4E-25
374,8600,1.78E-24,2.2E-25
374,8610,2.34E-24,3.7E-25
374,8620,2.55E-24,4.4E-25
374,8980,3.10E-24,6.1E-25
374,8990,3.06E-24,6.7E-25
374,9000,3.01E-24,7.3E-25
374,9010,2.97E-24,8.0E-25
374,9020,2.74E-24,6.1E-25
374,9030,2.53E-24,4.9E-25
374,9040,2.26E-24,5.1E-25
374,9050,1.66E-24,4.7E-25
374,9060,1.46E-24,4.1E-25
374,9070,7.05E-25,3.8E-25
374,9080,4.06E-25,3.8E-25
402,2010,3.68E-23,5.5E-24
402,2020,3.49E-23,7.1E-24
402,2030,3.21E-23,3.2E-24
402,2040,2.62E-23,4.4E-24
402,2050,2.39E-23,2.7E-24
402,2060,1.93E-23,3.0E-24
402,2070,1.77E-23,2.2E-24
402,2080,1.32E-23,2.1E-24
402,2090,1.20E-23,1.6E-24
402,2100,1.12E-23,1.4E-24
402,2110,9.94E-24,1.4E-24
402,2120,9.54E-24,1.2E-24
402,2130,7.91E-24,1.0E-24
402,2140,6.73E-24,9.1E-25
402,2150,5.75E-24,7.0E-25
402,2160,4.88E-24,7.8E-25
402,2170,5.26E-24,7.1E-25
402,2180,4.83E-24,6.8E-25
402,2190,4.24E-24,6.0E-25
402,2200,3.39E-24,5.0E-25
402,2210,3.30E-24,6.2E-25
402,2220,2.98E-24,5.3E-25
402,2230,2.87E-24,4.6E-25
402,2240,2.70E-24,4.2E-25
402,2250,2.54E-24,5.2E-25
402,2260,2.51E-24,4.0E-25
402,2270,2.16E-24,4.2E-25
402,2280,2.00E-24,4.1E-25
402,2290,1.84E-24,4.4E-25
402,2300,1.79E-24,4.4E-25
402,2310,1.74E-24,3.5E-25
402,2320,1.70E-24,3.5E-25
402,2330,1.65E-24,3.4E-25
402,2340,1.61E-24,2.9E-25
402,2350,1.57E-24,2.8E-25
402,2360,1.53E-24,2.6E-25
402,2370,1.49E-24,2.5E-25
402,2380,1.45E-24,2.3E-25
402,2390,1.41E-24,2.4E-25
402,2400,1.38E-24,2.4E-25
402,2410,1.35E-24,2.3E-25
402,2420,1.30E-24,2.3E-25
402,2430,1.26E-24,2.3E-25
402,2440,1.21E-24,2.2E-25
402,2450,1.18E-24,2.2E-25
402,2460,1.15E-24,2.1E-25
402,2470,1.12E-24,2.2E-25
402,2480,1.09E-24,2.1E-25
402,2490,1.05E-24,2.1E-25
402,2500,1.02E-24,2.1E-25
402,2510,9.55E-25,2.1E-25
402,2520,9.36E-25,1.9E-25
402,2530,8.95E-25,2.0E-25
402,2540,8.81E-25,1.9E-25
402,2550,8.87E-25,2.1E-25
402,2560,9.14E-25,2.0E-25
402,2570,8.99E-25,2.0E-25
402,2580,8.72E-25,2.2E-25
402,2590,8.56E-25,2.0E-25
402,2600,8.44E-25,2.0E-25
402,2610,8.40E-25,2.1E-25
402,2620,8.60E-25,2.2E-25
402,2630,8.90E-25,2.1E-25
402,2640,8.40E-25,2.1E-25
402,2650,8.17E-25,2.0E-25
402,2660,8.44E-25,2.3E-25
402,2670,8.41E-25,2.2E-25
402,2680,9.32E-25,2.1E-25
402,2690,9.78E-25,2.1E-25
402,2700,9.61E-25,2.2E-25
402,2710,8.81E-25,2.1E-25
402,2720,8.69E-25,3.7E-25
402,2730,8.66E-25,2.2E-25
402,2740,9.60E-25,2.0E-25
402,2750,9.63E-25,2.1E-25
402,2760,8.94E-25,2.1E-25
402,2770,8.95E-25,2.2E-25
402,2780,8.60E-25,2.2E-25
402,2790,9.12E-25,2.3E-25
402,2800,8.92E-25,2.2E-25
402,2810,9.06E-25,2.3E-25
402,2820,9.48E-25,2.4E-25
402,2830,9.92E-25,2.4E-25
402,2840,1.10E-24,2.4E-25
402,2850,1.17E-24,2.4E-25
402,2860,1.23E-24,2.5E-25
402,2870,1.31E-24,2.7E-25
402,2880,1.42E-24,2.8E-25
402,2890,1.46E-24,2.8E-25
402,2900,1.54E-24,3.3E-25
402,2910,1.63E-24,3.9E-25
402,2920,1.69E-24,3.3E-25
402,2930,1.96E-24,4.0E-25
402,2940,1.97E-24,5.0E-25
402,2950,2.63E-24,4.5E-25
402,2960,3.00E-24,6.1E-25
402,2970,3.55E-24,8.2E-25
402,2980,3.85E-24,1.6E-24
402,2990,4.40E-24,1.3E-24
402,3000,5.43E-24,8.9E-25
402,3010,6.01E-24,1.4E-24
402,3020,6.50E-24,1.2E-24
402,3030,7.41E-24,1.8E-24
402,3040,7.90E-24,1.4E-24
402,3050,1.01E-23,1.5E-24
402,3060,1.04E-23,2.4E-24
402,3070,1.04E-23,1.5E-24
402,3080,1.05E-23,1.6E-24
402,3090,1.14E-23,1.6E-24
402,3100,1.17E-23,5.9E-24
402,3110,1.20E-23,4.4E-24
402,3120,1.20E-23,4.8E-24
402,3130,1.20E-23,1.9E-24
402,3140,1.28E-23,1.6E-24
402,3150,1.61E-23,1.4E-24
402,3160,1.70E-23,1.7E-24
402,3170,1.77E-23,1.9E-24
402,3180,1.93E-23,2.5E-24
402,3190,2.08E-23,2.4E-24
402,3200,2.12E-23,2.4E-24
402,3210,1.86E-23,3.3E-24
402,3220,1.83E-23,3.2E-24
402,3230,1.80E-23,5.3E-24
402,3240,1.74E-23,3.3E-24
402,3250,1.62E-23,2.6E-24
402,3260,1.76E-23,3.4E-24
402,3270,1.95E-23,3.5E-24
402,3280,1.95E-23,5.4E-24
402,3290,1.95E-23,4.7E-24
402,3300,1.91E-23,3.9E-24
402,3310,2.12E-23,5.7E-24
402,3320,2.18E-23,2.8E-24
402,3330,2.26E-23,3.9E-24
402,3340,2.37E-23,5.1E-24
402,3350,2.82E-23,3.6E-24
402,3360,2.93E-23,9.1E-24
402,3370,2.98E-23,6.3E-24
402,3380,3.50E-23,5.6E-24
402,3390,3.92E-23,6.6E-24
402,3400,4.18E-23,9.0E-24
402,4000,3.57E-23,5.4E-24
402,4010,3.28E-23,7.2E-24
402,4020,3.13E-23,6.4E-24
402,4030,3.00E-23,4.5E-24
402,4040,2.76E-23,3.8E-24
402,4050,2.26E-23,3.1E-24
402,4060,2.29E-23,3.2E-24
402,4070,2.04E-23,2.3E-24
402,4080,1.91E-23,2.2E-24
402,4090,1.83E-23,2.0E-24
402,4100,1.71E-23,1.8E-24
402,4110,1.69E-23,1.8E-24
402,4120,1.57E-23,1.5E-24
402,4130,1.37E-23,1.7E-24
402,4140,1.25E-23,1.3E-24
402,4150,1.14E-23,1.3E-24
402,4160,1.09E-23,1.2E-24
402,4170,1.00E-23,1.0E-24
402,4180,9.05E-24,9.0E-25
402,4190,7.99E-24,1.1E-24
402,4200,7.44E-24,9.5E-25
402,4210,7.32E-24,8.1E-25
402,4220,7.36E-24,7.1E-25
402,4230,7.22E-24,6.4E-25
402,4240,6.99E-24,7.8E-25
402,4250,6.36E-24,6.5E-25
402,4260,5.95E-24,5.8E-25
402,4270,5.51E-24,5.1E-25
402,4280,5.12E-24,5.6E-25
402,4290,5.13E-24,4.6E-25
402,4300,4.77E-24,5.2E-25
402,4310,4.54E-24,4.9E-25
402,4320,4.25E-24,4.5E-25
402,4330,4.11E-24,3.8E-25
402,4340,3.96E-24,4.4E-25
402,4350,3.69E-24,3.8E-25
402,4360,3.49E-24,4.0E-25
402,4370,3.40E-24,3.8E-25
402,4380,3.35E-24,3.7E-25
402,4390,3.25E-24,3.7E-25
402,4400,3.05E-24,3.7E-25
402,4410,2.89E-24,3.5E-25
402,4420,2.80E-24,3.4E-25
402,4430,2.72E-24,3.3E-25
402,4440,2.62E-24,3.2E-25
402,4450,2.47E-24,3.1E-25
402,4460,2.37E-24,3.0E-25
402,4470,2.31E-24,3.0E-25
402,4480,2.22E-24,3.0E-25
402,4490,2.11E-24,2.9E-25
402,4500,2.02E-24,2.9E-25
402,4510,1.97E-24,2.9E-25
402,4520,1.88E-24,2.8E-25
402,4530,1.81E-24,2.6E-25
402,4540,1.69E-24,2.7E-25
402,4550,1.68E-24,2.6E-25
402,4560,1.62E-24,2.7E-25
402,4570,1.54E-24,2.5E-25
402,4580,1.49E-24,2.4E-25
402,4590,1.49E-24,2.5E-25
402,4600,1.49E-24,2.4E-25
402,4610,1.47E-24,2.2E-25
402,4620,1.39E-24,2.5E-25
402,4630,1.36E-24,2.4E-25
402,4640,1.28E-24,2.4E-25
402,4650,1.27E-24,2.4E-25
402,4660,1.32E-24,2.3E-25
402,4670,1.30E-24,2.3E-25
402,4680,1.27E-24,2.3E-25
402,4690,1.25E-24,2.3E-25
402,4700,1.23E-24,2.1E-25
402,4710,1.20E-24,2.3E-25
402,4720,1.21E-24,2.2E-25
402,4730,1.17E-24,2.3E-25
402,4740,1.19E-24,2.2E-25
402,4750,1.14E-24,2.2E-25
402,4760,1.08E-24,2.3E-25
402,4770,1.02E-24,2.2E-25
402,4780,1.03E-24,2.2E-25
402,4790,1.02E-24,2.2E-25
402,4800,1.02E-24,2.2E-25
402,4810,9.89E-25,2.2E-25
402,4820,9.47E-25,2.2E-25
402,4830,9.31E-25,2.1E-25
402,4840,8.86E-25,2.1E-25
402,4850,9.36E-25,2.2E-25
402,4860,9.42E-25,2.3E-25
402,4870,9.63E-25,2.1E-25
402,4880,9.45E-25,2.3E-25
402,4890,1.14E-24,2.4E-25
402,4900,1.18E-24,2.4E-25
402,4910,1.15E-24,2.4E-25
402,4920,1.24E-24,2.6E-25
402,4930,1.22E-24,3.3E-25
402,4940,1.33E-24,2.6E-25
402,4950,1.38E-24,3.0E-25
402,4960,1.38E-24,3.7E-25
402,4970,1.40E-24,3.0E-25
402,4980,1.44E-24,3.3E-25
402,4990,1.47E-24,4.6E-25
402,5000,1.56E-24,4.0E-25
402,5010,1.52E-24,4.5E-25
402,5020,1.73E-24,4.7E-25
402,5030,1.86E-24,6.1E-25
402,5040,2.03E-24,4.2E-25
402,5560,6.23E-24,1.8E-24
402,5570,5.02E-24,3.5E-24
402,5580,4.04E-24,3.0E-24
402,5590,3.77E-24,1.0E-24
402,5600,2.84E-24,2.0E-24
402,5610,3.15E-24,6.4E-25
402,5620,2.04E-24,8.1E-25
402,5630,2.06E-24,7.5E-25
402,5640,1.82E-24,4.5E-25
402,5650,1.89E-24,4.4E-25
402,5660,1.82E-24,4.3E-25
402,5670,1.58E-24,2.5E-25
402,5680,1.40E-24,2.1E-25
402,5690,1.26E-24,2.7E-25
402,5700,1.26E-24,2.2E-25
402,5710,1.16E-24,1.7E-25
402,5720,1.17E-24,1.8E-25
402,5730,1.09E-24,1.9E-25
402,5740,9.65E-25,1.4E-25
402,5750,9.26E-25,1.4E-25
402,5760,8.82E-25,1.2E-25
402,5770,8.39E-25,1.3E-25
402,5780,8.10E-25,1.2E-25
402,5790,7.25E-25,1.1E-25
402,5800,6.74E-25,2.1E-25
402,5810,6.66E-25,1.2E-25
402,5820,5.64E-25,9.1E-26
402,5830,5.37E-25,1.1E-25
402,5840,4.75E-25,8.8E-26
402,5850,4.43E-25,9.0E-26
402,5860,4.13E-25,9.3E-26
402,5870,3.97E-25,7.1E-26
402,5880,4.05E-25,7.6E-26
402,5890,3.84E-25,7.2E-26
402,5900,3.67E-25,7.0E-26
402,5910,3.24E-25,6.6E-26
402,5920,3.02E-25,6.5E-26
402,5930,3.03E-25,6.6E-26
402,5940,3.02E-25,6.0E-26
402,5950,2.54E-25,6.1E-26
402,5960,2.22E-25,6.4E-26
402,5970,2.01E-25,6.2E-26
402,5980,2.01E-25,5.7E-26
402,5990,2.09E-25,5.3E-26
402,6000,2.17E-25,5.8E-26
402,6010,1.99E-25,5.5E-26
402,6020,1.96E-25,5.1E-26
402,6030,1.83E-25,5.3E-26
402,6040,1.79E-25,4.9E-26
402,6050,1.72E-25,5.3E-26
402,6060,1.68E-25,5.2E-26
402,6070,1.60E-25,5.1E-26
402,6080,1.64E-25,5.0E-26
402,6090,1.67E-25,4.9E-26
402,6100,1.61E-25,4.8E-26
402,6110,1.54E-25,4.7E-26
402,6120,1.50E-25,4.9E-26
402,6130,1.50E-25,5.0E-26
402,6140,1.55E-25,4.8E-26
402,6150,1.50E-25,4.9E-26
402,6160,1.43E-25,4.8E-26
402,6170,1.39E-25,4.8E-26
402,6180,1.39E-25,4.8E-26
402,6190,1.37E-25,4.7E-26
402,6200,1.31E-25,4.7E-26
402,6210,1.29E-25,4.7E-26
402,6220,1.30E-25,4.8E-26
402,6230,1.30E-25,4.6E-26
402,6240,1.25E-25,4.7E-26
402,6250,1.20E-25,4.7E-26
402,6260,1.14E-25,4.7E-26
402,6270,1.16E-25,4.7E-26
402,6280,1.23E-25,4.7E-26
402,6290,1.24E-25,4.8E-26
402,6300,1.22E-25,4.6E-26
402,6310,1.18E-25,4.6E-26
402,6320,1.21E-25,4.7E-26
402,6330,1.18E-25,4.8E-26
402,6340,1.14E-25,4.9E-26
402,6350,1.14E-25,4.7E-26
402,6360,1.13E-25,4.7E-26
402,6370,1.12E-25,4.8E-26
402,6380,1.10E-25,4.8E-26
402,6390,1.09E-25,5.1E-26
402,6400,1.09E-25,4.9E-26
402,6410,1.08E-25,4.8E-26
402,6420,1.05E-25,5.1E-26
402,6430,1.06E-25,5.0E-26
402,6440,1.11E-25,5.0E-26
402,6450,1.13E-25,5.5E-26
402,6460,1.11E-25,5.4E-26
402,6470,1.15E-25,5.3E-26
402,6480,1.16E-25,6.1E-26
402,6490,1.16E-25,5.6E-26
402,6500,1.22E-25,6.2E-26
402,6510,1.32E-25,6.9E-26
402,6520,1.43E-25,6.1E-26
402,6530,1.55E-25,7.6E-26
402,6540,1.68E-25,6.9E-26
402,6550,1.82E-25,9.6E-26
402,6560,1.97E-25,1.1E-25
402,6570,2.14E-25,1.2E-25
402,6580,2.32E-25,1.1E-25
402,6590,2.51E-25,1.3E-25
402,6600,2.72E-25,1.0E-25
402,6610,2.95E-25,1.7E-25
402,6620,3.19E-25,1.7E-25
402,6630,3.46E-25,2.9E-25
402,6640,3.75E-25,1.4E-25
402,6650,4.06E-25,3.0E-25
402,6660,4.40E-25,1.8E-25
402,6670,4.77E-25,2.5E-25
402,6680,5.21E-25,3.1E-25
402,6690,5.68E-25,2.9E-25
402,6700,6.20E-25,4.1E-25
402,6710,6.77E-25,4.3E-25
402,6720,7.32E-25,5.7E-25
402,6730,7.59E-25,6.5E-25
402,6740,7.86E-25,4.1E-25
402,6750,1.01E-24,8.6E-25
402,6760,1.47E-24,1.1E-24
402,6770,1.52E-24,1.5E-24
402,6780,1.55E-24,4.9E-25
402,6790,1.58E-24,1.1E-24
402,6800,1.61E-24,1.3E-24
402,6810,1.63E-24,1.1E-24
402,6820,1.66E-24,1.1E-24
402,6830,1.69E-24,5.7E-25
402,6840,1.85E-24,8.6E-25
402,6850,2.34E-24,5.5E-25
402,6860,2.17E-24,1.0E-24
402,6870,2.46E-24,1.1E-24
402,6880,2.78E-24,7.6E-25
402,6890,2.75E-24,3.2E-24
402,6900,3.34E-24,9.5E-25
402,6910,3.84E-24,2.4E-24
402,6920,3.48E-24,2.5E-24
402,6930,3.38E-24,1.7E-24
402,6940,3.70E-24,2.4E-24
402,6950,4.07E-24,2.4E-24
402,6960,4.46E-24,1.8E-24
402,6970,4.90E-24,3.6E-24
402,6980,5.35E-24,4.0E-24
402,6990,5.88E-24,2.0E-24
402,7000,6.95E-24,8.3E-24
402,7010,8.22E-24,3.4E-24
402,7020,9.72E-24,3.9E-24
402,7030,1.15E-23,5.1E-24
402,7040,1.13E-23,6.2E-24
402,7050,1.26E-23,7.2E-24
402,7060,1.38E-23,3.7E-24
402,7070,1.60E-23,1.1E-23
402,7080,1.76E-23,6.5E-24
402,7490,1.84E-24,4.1E-25
402,7500,1.66E-24,4.2E-25
402,7510,1.48E-24,5.8E-25
402,7520,1.31E-24,3.5E-25
402,7530,1.17E-24,3.4E-25
402,7540,1.04E-24,2.4E-25
402,7550,8.80E-25,2.0E-25
402,7560,6.77E-25,2.1E-25
402,7570,7.12E-25,1.9E-25
402,7580,6.13E-25,2.2E-25
402,7590,5.51E-25,1.3E-25
402,7600,5.47E-25,1.8E-25
402,7610,5.42E-25,2.3E-25
402,7620,5.37E-25,1.5E-25
402,7630,5.14E-25,1.6E-25
402,7640,4.78E-25,1.2E-25
402,7650,4.38E-25,1.3E-25
402,7660,3.94E-25,1.0E-25
402,7670,3.67E-25,1.5E-25
402,7680,3.48E-25,9.2E-26
402,7690,3.33E-25,9.6E-26
402,7700,3.11E-25,7.6E-26
402,7710,2.75E-25,9.9E-26
402,7720,2.74E-25,8.0E-26
402,7730,2.73E-25,7.2E-26
402,7740,2.72E-25,1.2E-25
402,7750,2.40E-25,6.9E-26
402,7760,2.22E-25,8.0E-26
402,7770,2.11E-25,6.1E-26
402,7780,2.12E-25,5.6E-26
402,7790,2.13E-25,5.7E-26
402,7800,2.06E-25,5.9E-26
402,7810,1.86E-25,6.0E-26
402,7820,1.74E-25,5.3E-26
402,7830,1.78E-25,5.2E-26
402,7840,1.61E-25,4.9E-26
402,7850,1.47E-25,5.1E-26
402,7860,1.40E-25,5.1E-26
402,7870,1.34E-25,5.0E-26
402,7880,1.29E-25,4.8E-26
402,7890,1.26E-25,5.0E-26
402,7900,1.20E-25,4.9E-26
402,7910,1.12E-25,4.6E-26
402,7920,1.07E-25,4.7E-26
402,7930,1.07E-25,4.7E-26
402,7940,1.07E-25,4.6E-26
402,7950,1.02E-25,4.9E-26
402,7960,9.50E-26,4.6E-26
402,7970,9.17E-26,4.9E-26
402,7980,9.21E-26,4.6E-26
402,7990,8.80E-26,4.8E-26
402,8000,8.58E-26,4.8E-26
402,8010,8.44E-26,5.0E-26
402,8020,8.25E-26,4.7E-26
402,8030,8.05E-26,4.7E-26
402,8040,7.94E-26,5.1E-26
402,8050,7.81E-26,4.9E-26
402,8060,7.78E-26,5.7E-26
402,8070,7.95E-26,4.8E-26
402,8080,7.94E-26,6.1E-26
402,8090,8.31E-26,5.3E-26
402,8100,8.02E-26,5.8E-26
402,8110,8.41E-26,6.6E-26
402,8120,9.28E-26,6.4E-26
402,8130,9.24E-26,6.7E-26
402,8140,9.23E-26,6.3E-26
402,8150,9.72E-26,8.7E-26
402,8160,1.03E-25,7.2E-26
402,8170,1.05E-25,8.3E-26
402,8180,1.08E-25,8.3E-26
402,8190,1.09E-25,7.3E-26
402,8200,1.14E-25,7.4E-26
402,8210,1.23E-25,7.7E-26
402,8220,1.33E-25,1.2E-25
402,8230,1.38E-25,2.1E-25
402,8240,1.42E-25,1.2E-25
402,8250,1.47E-25,1.5E-25
402,8260,1.52E-25,8.6E-26
402,8270,1.56E-25,1.2E-25
402,8280,1.61E-25,1.2E-25
402,8290,1.66E-25,9.8E-26
402,8300,1.71E-25,9.7E-26
402,8310,1.76E-25,1.5E-25
402,8320,1.81E-25,1.4E-25
402,8330,1.86E-25,1.4E-25
402,8340,1.92E-25,2.8E-25
402,8350,1.98E-25,1.4E-25
402,8360,2.03E-25,1.5E-25
402,8370,2.10E-25,1.7E-25
402,8380,2.16E-25,1.2E-25
402,8390,2.22E-25,1.3E-25
402,8400,2.32E-25,1.6E-25
402,8410,2.51E-25,1.7E-25
402,8420,2.70E-25,1.9E-25
402,8430,2.90E-25,1.4E-25
402,8440,3.12E-25,2.5E-25
402,8450,3.35E-25,1.4E-25
402,8460,3.60E-25,4.6E-25
402,8470,3.85E-25,2.0E-25
402,8480,4.06E-25,1.7E-25
402,8490,4.29E-25,3.7E-25
402,8500,4.58E-25,2.0E-25
402,8510,4.92E-25,2.6E-25
402,8520,5.29E-25,6.4E-25
402,8530,5.68E-25,2.7E-25
402,8540,6.10E-25,3.0E-25
402,8550,6.56E-25,3.8E-25
402,8560,7.04E-25,4.9E-25
402,8570,7.19E-25,6.5E-25
402,8580,7.40E-25,5.8E-25
402,8590,7.62E-25,5.2E-25
402,8600,9.59E-25,3.1E-25
402,8610,1.30E-24,6.4E-25
402,8620,1.47E-24,6.9E-25
402,9100,1.53E-25,2.2E-25
402,9110,1.56E-25,2.2E-25
402,9120,1.59E-25,1.3E-25
402,9130,1.45E-25,1.5E-25
431,2010,3.70E-23,5.2E-24
431,2020,3.20E-23,4.6E-24
431,2030,2.77E-23,3.6E-24
431,2040,2.40E-23,3.2E-24
431,2050,2.08E-23,2.6E-24
431,2060,1.81E-23,2.4E-24
431,2070,1.58E-23,2.1E-24
431,2080,1.38E-23,1.9E-24
431,2090,1.20E-23,1.5E-24
431,2100,1.05E-23,1.2E-24
431,2110,9.17E-24,9.8E-25
431,2120,8.26E-24,1.1E-24
431,2130,7.45E-24,9.7E-25
431,2140,6.61E-24,1.1E-24
431,2150,5.82E-24,9.8E-25
431,2160,5.13E-24,9.3E-25
431,2170,4.52E-24,8.9E-25
431,2180,4.21E-24,7.8E-25
431,2190,4.00E-24,6.5E-25
431,2200,3.36E-24,6.3E-25
431,2210,3.19E-24,6.0E-25
431,2220,2.89E-24,5.1E-25
431,2230,2.65E-24,5.2E-25
431,2240,2.45E-24,4.6E-25
431,2250,2.23E-24,4.8E-25
431,2260,2.10E-24,3.8E-25
431,2270,1.92E-24,4.1E-25
431,2280,1.70E-24,4.1E-25
431,2290,1.64E-24,4.1E-25
431,2300,1.59E-24,3.6E-25
431,2310,1.53E-24,3.4E-25
431,2320,1.48E-24,3.1E-25
431,2330,1.43E-24,3.0E-25
431,2340,1.38E-24,2.7E-25
431,2350,1.34E-24,2.5E-25
431,2360,1.29E-24,2.4E-25
431,2370,1.25E-24,2.2E-25
431,2380,1.21E-24,2.1E-25
431,2390,1.10E-24,1.9E-25
431,2400,1.08E-24,1.8E-25
431,2410,1.03E-24,1.7E-25
431,2420,9.88E-25,1.7E-25
431,2430,9.50E-25,1.6E-25
431,2440,9.16E-25,1.5E-25
431,2450,8.81E-25,1.5E-25
431,2460,8.54E-25,1.4E-25
431,2470,8.27E-25,1.4E-25
431,2480,8.04E-25,1.3E-25
431,2490,7.74E-25,1.3E-25
431,2500,7.48E-25,1.3E-25
431,2510,7.07E-25,1.3E-25
431,2520,6.81E-25,9.7E-26
431,2530,6.43E-25,1.2E-25
431,2540,6.44E-25,8.8E-26
431,2550,6.27E-25,1.1E-25
431,2560,6.47E-25,1.2E-25
431,2570,6.39E-25,1.2E-25
431,2580,6.08E-25,1.1E-25
431,2590,6.01E-25,1.0E-25
431,2600,5.97E-25,1.2E-25
431,2610,6.12E-25,1.1E-25
431,2620,6.11E-25,1.2E-25
431,2630,6.10E-25,1.2E-25
431,2640,6.28E-25,1.2E-25
431,2650,6.41E-25,1.2E-25
431,2660,6.81E-25,1.2E-25
431,2670,6.93E-25,1.3E-25
431,2680,7.09E-25,1.2E-25
431,2690,7.20E-25,1.3E-25
431,2700,6.93E-25,1.3E-25
431,2710,6.29E-25,1.2E-25
431,2720,6.03E-25,1.5E-25
431,2730,6.38E-25,1.2E-25
431,2740,7.09E-25,1.3E-25
431,2750,7.45E-25,1.3E-25
431,2760,7.46E-25,1.3E-25
431,2770,7.51E-25,1.4E-25
431,2780,7.50E-25,1.5E-25
431,2790,7.64E-25,1.4E-25
431,2800,7.87E-25,1.5E-25
431,2810,8.02E-25,1.6E-25
431,2820,8.39E-25,1.5E-25
431,2830,8.60E-25,1.7E-25
431,2840,9.35E-25,1.7E-25
431,2850,9.90E-25,1.9E-25
431,2860,1.09E-24,2.0E-25
431,2870,1.16E-24,2.1E-25
431,2880,1.22E-24,2.2E-25
431,2890,1.23E-24,1.7E-25
431,2900,1.29E-24,2.6E-25
431,2910,1.42E-24,2.4E-25
431,2920,1.62E-24,3.3E-25
431,2930,1.76E-24,3.5E-25
431,2940,2.14E-24,4.5E-25
431,2950,2.16E-24,4.9E-25
431,2960,2.19E-24,6.0E-25
431,2970,2.34E-24,7.3E-25
431,2980,2.50E-24,1.0E-24
431,2990,2.67E-24,9.6E-25
431,3000,2.85E-24,1.0E-24
431,3010,3.32E-24,1.2E-24
431,3020,3.88E-24,1.1E-24
431,3030,4.53E-24,1.3E-24
431,3040,5.61E-24,1.3E-24
431,3050,7.12E-24,1.9E-24
431,3060,7.22E-24,2.2E-24
431,3070,7.32E-24,2.1E-24
431,3080,7.43E-24,2.1E-24
431,3090,7.54E-24,2.0E-24
431,3100,7.64E-24,3.2E-24
431,3110,7.75E-24,2.8E-24
431,3120,7.86E-24,3.4E-24
431,3130,7.98E-24,2.5E-24
431,3140,8.09E-24,2.1E-24
431,3150,8.24E-24,2.1E-24
431,3160,8.98E-24,2.3E-24
431,3170,1.09E-23,1.9E-24
431,3180,1.15E-23,2.3E-24
431,3190,1.75E-23,2.8E-24
431,3200,1.52E-23,3.1E-24
431,3210,1.70E-23,3.4E-24
431,3220,1.38E-23,3.7E-24
431,3230,1.43E-23,3.7E-24
431,3240,1.43E-23,3.0E-24
431,3250,1.78E-23,3.2E-24
431,3260,1.53E-23,3.4E-24
431,3270,1.79E-23,3.4E-24
431,3280,1.87E-23,4.3E-24
431,3290,1.95E-23,4.3E-24
431,3300,2.04E-23,4.3E-24
431,3330,2.12E-23,4.5E-24
431,3340,2.33E-23,4.6E-24
431,4050,1.92E-23,3.5E-24
431,4060,1.82E-23,2.8E-24
431,4070,1.68E-23,3.1E-24
431,4080,1.58E-23,2.7E-24
431,4090,1.49E-23,2.0E-24
431,4100,1.33E-23,2.3E-24
431,4110,1.30E-23,1.5E-24
431,4120,1.16E-23,1.8E-24
431,4130,1.06E-23,2.0E-24
431,4140,1.03E-23,1.5E-24
431,4150,9.59E-24,1.3E-24
431,4160,9.01E-24,1.2E-24
431,4170,7.60E-24,1.3E-24
431,4180,7.10E-24,1.1E-24
431,4190,6.77E-24,1.1E-24
431,4200,6.34E-24,1.0E-24
431,4210,5.87E-24,1.1E-24
431,4220,5.79E-24,9.0E-25
431,4230,5.51E-24,8.4E-25
431,4240,5.29E-24,7.2E-25
431,4250,4.95E-24,8.1E-25
431,4260,4.60E-24,8.0E-25
431,4270,4.45E-24,6.1E-25
431,4280,4.17E-24,7.2E-25
431,4290,4.03E-24,6.9E-25
431,4300,3.71E-24,6.5E-25
431,4310,3.50E-24,5.9E-25
431,4320,3.31E-24,5.6E-25
431,4330,3.26E-24,5.3E-25
431,4340,3.10E-24,5.1E-25
431,4350,2.91E-24,4.7E-25
431,4360,2.73E-24,4.5E-25
431,4370,2.61E-24,4.3E-25
431,4380,2.55E-24,4.1E-25
431,4390,2.47E-24,3.9E-25
431,4400,2.32E-24,3.8E-25
431,4410,2.21E-24,3.5E-25
431,4420,2.10E-24,3.5E-25
431,4430,2.05E-24,3.3E-25
431,4440,1.96E-24,3.2E-25
431,4450,1.86E-24,3.0E-25
431,4460,1.78E-24,2.9E-25
431,4470,1.71E-24,2.8E-25
431,4480,1.65E-24,2.7E-25
431,4490,1.59E-24,2.6E-25
431,4500,1.51E-24,2.5E-25
431,4510,1.46E-24,2.4E-25
431,4520,1.39E-24,2.4E-25
431,4530,1.35E-24,2.2E-25
431,4540,1.28E-24,2.2E-25
431,4550,1.25E-24,2.0E-25
431,4560,1.20E-24,2.1E-25
431,4570,1.16E-24,2.0E-25
431,4580,1.12E-24,1.9E-25
431,4590,1.09E-24,1.9E-25
431,4600,1.08E-24,1.8E-25
431,4610,1.04E-24,1.7E-25
431,4620,1.01E-24,1.7E-25
431,4630,9.73E-25,1.6E-25
431,4640,9.48E-25,1.6E-25
431,4650,9.29E-25,1.6E-25
431,4660,9.10E-25,1.5E-25
431,4670,9.00E-25,1.5E-25
431,4680,8.84E-25,1.5E-25
431,4690,8.68E-25,1.4E-25
431,4700,8.61E-25,1.4E-25
431,4710,8.41E-25,1.5E-25
431,4720,8.28E-25,1.3E-25
431,4730,8.21E-25,1.5E-25
431,4740,8.20E-25,1.4E-25
431,4750,7.83E-25,1.4E-25
431,4760,7.55E-25,1.3E-25
431,4770,7.27E-25,1.4E-25
431,4780,7.28E-25,1.3E-25
431,4790,7.01E-25,1.3E-25
431,4800,6.90E-25,1.2E-25
431,4810,6.91E-25,1.3E-25
431,4820,6.69E-25,1.3E-25
431,4830,6.72E-25,1.2E-25
431,4840,6.56E-25,1.2E-25
431,4850,6.73E-25,1.3E-25
431,4860,6.58E-25,1.2E-25
431,4870,6.93E-25,1.3E-25
431,4880,6.88E-25,1.4E-25
431,4890,7.23E-25,1.1E-25
431,4900,7.74E-25,1.0E-25
431,4910,7.66E-25,1.8E-25
431,4920,8.72E-25,1.4E-25
431,4930,8.83E-25,1.4E-25
431,4940,8.41E-25,1.8E-25
431,4950,8.60E-25,1.8E-25
431,4960,9.21E-25,1.8E-25
431,4970,9.39E-25,2.8E-25
431,4980,1.02E-24,2.3E-25
431,4990,1.06E-24,2.4E-25
431,5000,1.14E-24,3.0E-25
431,5010,1.25E-24,3.2E-25
431,5020,1.53E-24,3.5E-25
431,5030,1.65E-24,4.1E-25
431,5040,2.25E-24,5.0E-25
431,5640,1.61E-24,4.8E-25
431,5650,1.42E-24,3.6E-25
431,5660,1.34E-24,2.8E-25
431,5670,1.20E-24,3.1E-25
431,5680,1.11E-24,2.5E-25
431,5690,1.10E-24,1.9E-25
431,5700,1.10E-24,1.8E-25
431,5710,1.03E-24,1.6E-25
431,5720,9.09E-25,1.8E-25
431,5730,8.65E-25,1.7E-25
431,5740,7.47E-25,1.4E-25
431,5750,6.92E-25,1.5E-25
431,5760,6.60E-25,9.6E-26
431,5770,6.18E-25,1.0E-25
431,5780,5.77E-25,1.2E-25
431,5790,5.09E-25,1.1E-25
431,5800,4.91E-25,8.1E-26
431,5810,4.65E-25,8.1E-26
431,5820,3.94E-25,9.3E-26
431,5830,3.81E-25,7.0E-26
431,5840,3.33E-25,7.9E-26
431,5850,2.98E-25,5.7E-26
431,5860,2.97E-25,5.8E-26
431,5870,2.59E-25,5.3E-26
431,5880,2.63E-25,4.2E-26
431,5890,2.42E-25,5.0E-26
431,5900,2.17E-25,5.0E-26
431,5910,2.06E-25,4.4E-26
431,5920,1.98E-25,4.0E-26
431,5930,1.88E-25,4.2E-26
431,5940,1.90E-25,3.5E-26
431,5950,1.68E-25,4.1E-26
431,5960,1.52E-25,3.2E-26
431,5970,1.33E-25,3.2E-26
431,5980,1.27E-25,3.2E-26
431,5990,1.27E-25,2.3E-26
431,6000,1.24E-25,2.9E-26
431,6010,1.22E-25,3.0E-26
431,6020,1.16E-25,2.9E-26
431,6030,1.05E-25,2.9E-26
431,6040,1.03E-25,2.5E-26
431,6050,9.38E-26,2.6E-26
431,6060,9.41E-26,2.3E-26
431,6070,9.04E-26,2.4E-26
431,6080,9.07E-26,2.3E-26
431,6090,8.81E-26,2.1E-26
431,6100,8.48E-26,2.2E-26
431,6110,8.23E-26,1.9E-26
431,6120,7.92E-26,2.1E-26
431,6130,7.83E-26,2.1E-26
431,6140,7.57E-26,2.1E-26
431,6150,7.44E-26,2.0E-26
431,6160,7.17E-26,2.0E-26
431,6170,6.86E-26,1.9E-26
431,6180,6.66E-26,1.9E-26
431,6190,6.44E-26,1.9E-26
431,6200,6.37E-26,1.8E-26
431,6210,6.25E-26,1.8E-26
431,6220,6.18E-26,1.8E-26
431,6230,6.04E-26,1.8E-26
431,6240,5.92E-26,1.7E-26
431,6250,5.63E-26,1.8E-26
431,6260,5.41E-26,1.7E-26
431,6270,5.34E-26,1.6E-26
431,6280,5.44E-26,1.7E-26
431,6290,5.36E-26,1.7E-26
431,6300,5.36E-26,1.6E-26
431,6310,5.26E-26,1.7E-26
431,6320,5.25E-26,1.7E-26
431,6330,5.27E-26,1.7E-26
431,6340,5.37E-26,1.8E-26
431,6350,5.54E-26,1.8E-26
431,6360,5.45E-26,1.8E-26
431,6370,5.29E-26,1.7E-26
431,6380,5.18E-26,1.8E-26
431,6390,5.14E-26,1.8E-26
431,6400,5.22E-26,1.7E-26
431,6410,5.18E-26,1.8E-26
431,6420,5.46E-26,1.7E-26
431,6430,5.35E-26,2.0E-26
431,6440,5.58E-26,1.7E-26
431,6450,5.78E-26,2.0E-26
431,6460,6.03E-26,2.0E-26
431,6470,6.87E-26,2.2E-26
431,6480,6.91E-26,2.2E-26
431,6490,6.76E-26,2.7E-26
431,6500,6.97E-26,2.7E-26
431,6510,7.27E-26,2.7E-26
431,6520,5.70E-26,2.6E-26
431,6530,7.49E-26,3.3E-26
431,6540,8.26E-26,3.5E-26
431,6550,9.12E-26,4.3E-26
431,6560,1.01E-25,4.8E-26
431,6570,1.11E-25,6.9E-26
431,6580,1.23E-25,5.7E-26
431,6590,1.36E-25,7.0E-26
431,6600,1.50E-25,5.9E-26
431,6610,1.65E-25,8.2E-26
431,6620,1.82E-25,7.9E-26
431,6630,1.93E-25,1.1E-25
431,6640,2.25E-25,8.4E-26
431,6650,2.62E-25,1.8E-25
431,6660,3.04E-25,1.4E-25
431,6670,3.35E-25,1.5E-25
431,6680,3.29E-25,1.9E-25
431,6690,3.63E-25,1.8E-25
431,6700,5.65E-25,2.1E-25
431,6710,7.11E-25,2.7E-25
431,6720,8.94E-25,3.9E-25
431,6730,1.12E-24,4.7E-25
431,6740,1.39E-24,4.4E-25
431,6750,1.40E-24,6.4E-25
431,6760,1.41E-24,6.5E-25
431,6770,1.41E-24,8.9E-25
431,6780,1.42E-24,4.7E-25
431,6790,1.42E-24,7.8E-25
431,6800,1.43E-24,8.6E-25
431,6810,1.44E-24,6.1E-25
431,6820,1.44E-24,7.2E-25
431,6830,1.47E-24,4.9E-25
431,6840,1.77E-24,6.4E-25
431,6850,2.12E-24,6.1E-25
431,6860,2.22E-24,6.0E-25
431,6870,2.42E-24,8.1E-25
431,6880,2.65E-24,6.7E-25
431,6890,2.89E-24,1.4E-24
431,6900,3.15E-24,1.0E-24
431,6910,3.44E-24,1.2E-24
431,6920,3.75E-24,1.2E-24
431,6930,4.10E-24,1.3E-24
431,6940,4.47E-24,1.5E-24
431,6950,4.88E-24,1.6E-24
431,6960,5.32E-24,1.5E-24
431,6970,5.81E-24,2.1E-24
431,6980,6.34E-24,2.7E-24
431,6990,6.92E-24,2.4E-24
431,7000,7.55E-24,2.4E-24
431,7010,7.67E-24,2.1E-24
431,7020,8.80E-24,2.7E-24
431,7030,1.01E-23,2.7E-24
431,7040,1.06E-23,3.8E-24
431,7050,1.18E-23,4.3E-24
431,7060,1.31E-23,4.0E-24
431,7070,1.46E-23,5.0E-24
431,7490,1.77E-24,4.6E-25
431,7500,1.28E-24,3.6E-25
431,7510,1.17E-24,4.0E-25
431,7520,9.65E-25,2.6E-25
431,7530,9.47E-25,2.6E-25
431,7540,8.37E-25,2.0E-25
431,7550,7.80E-25,1.7E-25
431,7560,7.41E-25,1.4E-25
431,7570,6.33E-25,1.7E-25
431,7580,6.12E-25,1.4E-25
431,7590,5.77E-25,1.6E-25
431,7600,5.09E-25,1.5E-25
431,7610,5.02E-25,1.3E-25
431,7620,4.89E-25,1.1E-25
431,7630,4.40E-25,9.6E-26
431,7640,3.96E-25,9.9E-26
431,7650,3.78E-25,1.1E-25
431,7660,3.37E-25,9.7E-26
431,7670,3.04E-25,8.2E-26
431,7680,3.00E-25,6.6E-26
431,7690,2.92E-25,7.3E-26
431,7700,2.75E-25,8.0E-26
431,7710,2.50E-25,6.7E-26
431,7720,2.49E-25,5.8E-26
431,7730,2.47E-25,5.1E-26
431,7740,2.46E-25,4.8E-26
431,7750,2.11E-25,5.0E-26
431,7760,1.98E-25,4.1E-26
431,7770,1.70E-25,3.9E-26
431,7780,1.74E-25,3.8E-26
431,7790,1.79E-25,4.0E-26
431,7800,1.61E-25,3.7E-26
431,7810,1.53E-25,3.5E-26
431,7820,1.44E-25,3.4E-26
431,7830,1.40E-25,2.6E-26
431,7840,1.32E-25,3.0E-26
431,7850,1.24E-25,2.7E-26
431,7860,1.13E-25,2.5E-26
431,7870,1.08E-25,2.3E-26
431,7880,1.01E-25,2.2E-26
431,7890,9.81E-26,2.3E-26
431,7900,9.45E-26,2.3E-26
431,7910,8.94E-26,2.2E-26
431,7920,8.63E-26,2.1E-26
431,7930,8.31E-26,2.1E-26
431,7940,8.06E-26,2.0E-26
431,7950,7.55E-26,2.0E-26
431,7960,7.12E-26,1.9E-26
431,7970,6.89E-26,1.9E-26
431,7980,6.55E-26,1.9E-26
431,7990,6.35E-26,1.7E-26
431,8000,5.97E-26,1.8E-26
431,8010,5.87E-26,1.7E-26
431,8020,5.62E-26,1.8E-26
431,8030,5.56E-26,1.7E-26
431,8040,5.36E-26,1.7E-26
431,8050,5.05E-26,1.7E-26
431,8060,4.83E-26,1.7E-26
431,8070,4.34E-26,1.6E-26
431,8080,4.23E-26,1.7E-26
431,8090,4.16E-26,1.8E-26
431,8100,4.31E-26,1.8E-26
431,8110,4.46E-26,1.6E-26
431,8120,4.31E-26,2.1E-26
431,8130,4.28E-26,2.3E-26
431,8140,4.30E-26,2.1E-26
431,8150,4.05E-26,2.5E-26
431,8160,4.23E-26,2.6E-26
431,8170,4.14E-26,2.8E-26
431,8180,4.26E-26,3.0E-26
431,8190,4.30E-26,2.6E-26
431,8200,4.68E-26,2.8E-26
431,8210,4.81E-26,2.7E-26
431,8220,5.08E-26,3.8E-26
431,8230,5.51E-26,4.6E-26
431,8240,5.88E-26,4.3E-26
431,8250,6.45E-26,4.9E-26
431,8260,7.34E-26,5.8E-26
431,8270,7.51E-26,5.3E-26
431,8280,7.81E-26,5.3E-26
431,8290,8.30E-26,4.5E-26
431,8300,8.60E-26,3.5E-26
431,8310,8.63E-26,4.6E-26
431,8320,8.41E-26,5.2E-26
431,8330,8.13E-26,5.1E-26
431,8340,8.00E-26,8.7E-26
431,8350,7.92E-26,4.7E-26
431,8360,8.00E-26,4.9E-26
431,8370,8.01E-26,5.5E-26
431,8380,8.21E-26,4.0E-26
431,8390,9.17E-26,5.6E-26
431,8400,1.02E-25,5.3E-26
431,8410,1.18E-25,6.2E-26
431,8420,1.21E-25,6.6E-26
431,8430,1.36E-25,6.6E-26
431,8440,1.56E-25,6.4E-26
431,8450,1.60E-25,6.9E-26
431,8460,1.67E-25,1.0E-25
431,8470,1.70E-25,8.8E-26
431,8480,1.85E-25,7.5E-26
431,8490,2.05E-25,1.1E-25
431,8500,2.09E-25,8.7E-26
431,8510,2.20E-25,9.4E-26
431,8520,2.31E-25,1.8E-25
431,8530,2.34E-25,1.1E-25
431,8540,2.51E-25,1.4E-25
431,8550,2.45E-25,1.5E-25
431,8560,2.89E-25,2.1E-25
431,8570,3.51E-25,2.8E-25
431,8580,3.49E-25,2.7E-25
431,8590,4.56E-25,2.6E-25
431,8600,7.29E-25,2.4E-25
431,8610,7.26E-25,3.2E-25
431,8620,9.31E-25,3.9E-25
431,9070,1.68E-25,1.2E-25
431,9080,1.43E-25,8.4E-26
431,9090,1.22E-25,7.3E-26
431,9100,1.04E-25,6.4E-26
431,9110,8.86E-26,4.5E-26
431,9120,7.57E-26,3.3E-26
431,9130,6.47E-26,3.8E-26
431,9140,5.53E-26,2.9E-26
431,9150,4.90E-26,2.9E-26
431,9160,4.39E-26,2.1E-26
431,9170,4.02E-26,1.8E-26
431,9180,3.94E-26,1.9E-26
431,9190,3.50E-26,1.8E-26
431,9200,3.32E-26,2.3E-26
431,9210,3.29E-26,1.9E-26
431,9220,3.13E-26,1.9E-26
431,9230,3.10E-26,1.7E-26
431,9240,2.90E-26,1.5E-26
431,9250,2.80E-26,1.7E-26
431,9260,2.78E-26,1.4E-26
431,9270,2.47E-26,1.1E-26
431,9280,2.43E-26,1.1E-26
431,9290,2.22E-26,1.2E-26
431,9300,1.88E-26,8.8E-27
431,9310,1.85E-26,8.1E-27
431,9320,1.50E-26,8.5E-27
431,9330,1.46E-26,8.8E-27
431,9340,1.19E-26,6.6E-27
431,9350,1.19E-26,6.9E-27
431,9360,1.18E-26,6.8E-27
431,9370,1.18E-26,5.9E-27
431,9380,1.02E-26,5.7E-27
431,9390,9.64E-27,5.0E-27
431,9400,9.15E-27,5.4E-27
431,9410,8.63E-27,6.5E-27
431,9420,8.00E-27,4.8E-27
431,9430,7.36E-27,4.4E-27
431,9440,6.75E-27,4.9E-27
431,9450,6.54E-27,4.2E-27
431,9460,6.49E-27,4.2E-27
431,9470,6.12E-27,4.0E-27
431,9480,6.16E-27,4.0E-27
431,9490,5.91E-27,3.9E-27
431,9500,5.65E-27,3.9E-27
431,9510,5.49E-27,3.8E-27
431,9520,5.35E-27,3.8E-27
431,9530,5.33E-27,3.8E-27
431,9540,5.37E-27,3.8E-27
431,9550,5.15E-27,3.8E-27
431,9560,4.97E-27,3.9E-27
431,9570,4.74E-27,3.8E-27
431,9580,4.50E-27,3.8E-27
431,9590,4.31E-27,3.8E-27
472,2010,4.31E-23,8.6E-24
472,2020,3.40E-23,8.6E-24
472,2030,2.88E-23,3.8E-24
472,2040,2.56E-23,4.6E-24
472,2050,2.41E-23,3.2E-24
472,2060,1.78E-23,3.3E-24
472,2070,1.66E-23,2.1E-24
472,2080,1.44E-23,2.3E-24
472,2090,1.16E-23,1.8E-24
472,2100,1.02E-23,1.5E-24
472,2110,8.54E-24,1.2E-24
472,2120,8.25E-24,1.1E-24
472,2130,6.65E-24,1.2E-24
472,2140,6.20E-24,8.7E-25
472,2150,5.70E-24,8.0E-25
472,2160,4.47E-24,7.8E-25
472,2170,4.37E-24,8.9E-25
472,2180,4.04E-24,1.1E-24
472,2190,4.02E-24,8.6E-25
472,2200,3.38E-24,8.3E-25
472,2210,3.20E-24,9.6E-25
472,2220,2.97E-24,6.4E-25
472,2230,2.60E-24,6.2E-25
472,2240,2.53E-24,5.5E-25
472,2250,2.18E-24,6.9E-25
472,2260,2.14E-24,5.1E-25
472,2270,1.83E-24,4.7E-25
472,2280,1.77E-24,4.4E-25
472,2290,1.62E-24,4.9E-25
472,2300,1.42E-24,4.2E-25
472,2310,1.38E-24,3.2E-25
472,2320,1.27E-24,3.4E-25
472,2330,1.21E-24,3.1E-25
472,2340,1.05E-24,2.6E-25
472,2350,1.02E-24,2.1E-25
472,2360,1.00E-24,2.3E-25
472,2370,9.35E-25,2.6E-25
472,2380,9.03E-25,2.0E-25
472,2390,8.62E-25,1.8E-25
472,2400,7.88E-25,1.7E-25
472,2410,7.57E-25,1.6E-25
472,2420,7.28E-25,1.6E-25
472,2430,6.96E-25,1.5E-25
472,2440,6.67E-25,1.4E-25
472,2450,6.40E-25,1.4E-25
472,2460,6.17E-25,1.3E-25
472,2470,6.01E-25,1.3E-25
472,2480,5.85E-25,1.3E-25
472,2490,5.63E-25,1.2E-25
472,2500,5.47E-25,1.2E-25
472,2510,5.10E-25,1.2E-25
472,2520,4.94E-25,1.0E-25
472,2530,4.71E-25,1.1E-25
472,2540,4.78E-25,1.0E-25
472,2550,4.78E-25,1.1E-25
472,2560,4.91E-25,1.1E-25
472,2570,4.84E-25,1.2E-25
472,2580,4.79E-25,1.1E-25
472,2590,4.77E-25,1.1E-25
472,2600,4.79E-25,1.1E-25
472,2610,4.97E-25,1.1E-25
472,2620,4.91E-25,1.3E-25
472,2630,4.90E-25,1.0E-25
472,2640,5.10E-25,1.2E-25
472,2650,5.30E-25,1.2E-25
472,2660,5.43E-25,1.4E-25
472,2670,5.54E-25,1.2E-25
472,2680,5.60E-25,1.2E-25
472,2690,5.64E-25,1.3E-25
472,2700,5.69E-25,1.3E-25
472,2710,5.58E-25,1.3E-25
472,2720,5.62E-25,2.5E-25
472,2730,5.87E-25,1.3E-25
472,2740,5.87E-25,1.3E-25
472,2750,6.09E-25,1.4E-25
472,2760,6.22E-25,1.4E-25
472,2770,6.39E-25,1.6E-25
472,2780,6.52E-25,1.6E-25
472,2790,6.76E-25,1.7E-25
472,2800,7.21E-25,1.8E-25
472,2810,7.42E-25,1.9E-25
472,2820,7.62E-25,1.9E-25
472,2830,7.96E-25,2.0E-25
472,2840,8.14E-25,1.9E-25
472,2850,8.60E-25,2.1E-25
472,2860,9.36E-25,2.1E-25
472,2870,1.00E-24,2.4E-25
472,2880,1.09E-24,2.6E-25
472,2890,1.15E-24,2.4E-25
472,2900,1.19E-24,3.2E-25
472,2910,1.38E-24,3.4E-25
472,2920,1.53E-24,4.0E-25
472,2930,1.92E-24,3.7E-25
472,2940,2.02E-24,6.3E-25
472,2950,2.13E-24,5.4E-25
472,2960,2.68E-24,7.4E-25
472,2970,2.88E-24,8.0E-25
472,2980,3.51E-24,1.3E-24
472,2990,3.97E-24,1.2E-24
472,3000,4.10E-24,8.6E-25
472,3010,4.87E-24,1.3E-24
472,3020,5.87E-24,1.3E-24
472,3030,6.25E-24,1.6E-24
472,3040,6.65E-24,1.3E-24
472,3050,8.35E-24,1.4E-24
472,3060,8.32E-24,1.9E-24
472,3070,8.41E-24,1.4E-24
472,3080,8.71E-24,1.2E-24
472,3090,9.13E-24,1.6E-24
472,3100,9.13E-24,4.4E-24
472,3110,9.14E-24,3.8E-24
472,3120,9.10E-24,3.9E-24
472,3130,9.06E-24,1.9E-24
472,3140,9.31E-24,1.7E-24
472,3150,1.02E-23,1.2E-24
472,3160,1.08E-23,1.5E-24
472,3170,1.18E-23,1.5E-24
472,3180,1.22E-23,2.0E-24
472,3190,1.34E-23,2.0E-24
472,3200,1.41E-23,2.1E-24
472,3210,1.47E-23,3.3E-24
472,3220,1.46E-23,2.8E-24
472,3230,1.46E-23,4.4E-24
472,3240,1.40E-23,2.9E-24
472,3250,1.53E-23,2.3E-24
472,3260,1.62E-23,2.9E-24
472,3270,1.80E-23,3.4E-24
472,3280,1.83E-23,4.7E-24
472,3290,1.86E-23,4.2E-24
472,3300,1.96E-23,4.0E-24
472,3310,2.16E-23,4.8E-24
472,3320,2.22E-23,2.8E-24
472,3330,2.26E-23,3.9E-24
472,3340,2.28E-23,4.6E-24
472,3350,2.55E-23,4.2E-24
472,3360,2.53E-23,7.8E-24
472,3370,2.54E-23,6.3E-24
472,3380,2.64E-23,4.9E-24
472,3390,2.94E-23,5.7E-24
472,3400,3.28E-23,8.6E-24
472,4050,2.43E-23,4.7E-24
472,4060,2.21E-23,3.7E-24
472,4070,1.72E-23,3.1E-24
472,4080,1.60E-23,3.3E-24
472,4090,1.55E-23,3.2E-24
472,4100,1.32E-23,2.0E-24
472,4110,1.26E-23,2.0E-24
472,4120,1.14E-23,1.7E-24
472,4130,1.02E-23,2.1E-24
472,4140,9.76E-24,1.7E-24
472,4150,9.12E-24,1.4E-24
472,4160,7.97E-24,1.3E-24
472,4170,7.19E-24,1.2E-24
472,4180,6.33E-24,9.9E-25
472,4190,5.96E-24,1.1E-24
472,4200,5.64E-24,9.7E-25
472,4210,5.42E-24,1.1E-24
472,4220,5.12E-24,1.1E-24
472,4230,4.89E-24,1.0E-24
472,4240,4.50E-24,9.0E-25
472,4250,4.19E-24,9.3E-25
472,4260,4.05E-24,8.7E-25
472,4270,3.71E-24,8.2E-25
472,4280,3.45E-24,7.4E-25
472,4290,3.30E-24,7.5E-25
472,4300,3.06E-24,6.6E-25
472,4310,2.86E-24,6.0E-25
472,4320,2.72E-24,6.0E-25
472,4330,2.60E-24,5.6E-25
472,4340,2.45E-24,5.2E-25
472,4350,2.30E-24,4.8E-25
472,4360,2.15E-24,4.6E-25
472,4370,2.04E-24,4.4E-25
472,4380,1.99E-24,4.2E-25
472,4390,1.91E-24,4.0E-25
472,4400,1.79E-24,3.9E-25
472,4410,1.69E-24,3.6E-25
472,4420,1.62E-24,3.5E-25
472,4430,1.57E-24,3.3E-25
472,4440,1.50E-24,3.2E-25
472,4450,1.42E-24,3.1E-25
472,4460,1.36E-24,2.8E-25
472,4470,1.31E-24,2.7E-25
472,4480,1.26E-24,2.6E-25
472,4490,1.21E-24,2.5E-25
472,4500,1.17E-24,2.4E-25
472,4510,1.13E-24,2.3E-25
472,4520,1.09E-24,2.3E-25
472,4530,1.05E-24,2.2E-25
472,4540,1.00E-24,2.1E-25
472,4550,9.71E-25,2.1E-25
472,4560,9.44E-25,2.1E-25
472,4570,9.09E-25,2.0E-25
472,4580,8.70E-25,1.9E-25
472,4590,8.48E-25,1.8E-25
472,4600,8.26E-25,1.8E-25
472,4610,8.01E-25,1.7E-25
472,4620,7.64E-25,1.7E-25
472,4630,7.39E-25,1.6E-25
472,4640,7.19E-25,1.6E-25
472,4650,6.98E-25,1.6E-25
472,4660,6.86E-25,1.5E-25
472,4670,6.71E-25,1.5E-25
472,4680,6.56E-25,1.4E-25
472,4690,6.46E-25,1.4E-25
472,4700,6.38E-25,1.4E-25
472,4710,6.27E-25,1.4E-25
472,4720,6.17E-25,1.3E-25
472,4730,6.09E-25,1.4E-25
472,4740,6.13E-25,1.4E-25
472,4750,5.92E-25,1.4E-25
472,4760,5.65E-25,1.3E-25
472,4770,5.57E-25,1.3E-25
472,4780,5.56E-25,1.2E-25
472,4790,5.53E-25,1.2E-25
472,4800,5.46E-25,1.2E-25
472,4810,5.42E-25,1.2E-25
472,4820,5.53E-25,1.3E-25
472,4830,5.55E-25,1.2E-25
472,4840,5.54E-25,1.3E-25
472,4850,5.67E-25,1.3E-25
472,4860,5.59E-25,1.4E-25
472,4870,5.87E-25,1.3E-25
472,4880,6.22E-25,1.5E-25
472,4890,6.09E-25,1.4E-25
472,4900,6.62E-25,1.5E-25
472,4910,7.08E-25,1.8E-25
472,4920,7.44E-25,1.6E-25
472,4930,7.76E-25,2.2E-25
472,4940,8.56E-25,2.1E-25
472,4950,8.72E-25,2.4E-25
472,4960,9.40E-25,2.5E-25
472,4970,9.67E-25,2.7E-25
472,4980,9.77E-25,2.7E-25
472,4990,1.07E-24,3.7E-25
472,5000,1.28E-24,3.4E-25
472,5010,1.46E-24,4.6E-25
472,5020,1.71E-24,4.4E-25
472,5030,2.05E-24,5.7E-25
472,5040,2.27E-24,6.1E-25
472,5650,1.73E-24,5.8E-25
472,5660,1.69E-24,5.2E-25
472,5670,1.45E-24,3.6E-25
472,5680,1.19E-24,3.6E-25
472,5690,1.01E-24,3.1E-25
472,5700,8.85E-25,2.4E-25
472,5710,9.33E-25,2.2E-25
472,5720,8.35E-25,2.2E-25
472,5730,7.23E-25,1.9E-25
472,5740,6.62E-25,1.6E-25
472,5750,6.07E-25,1.7E-25
472,5760,5.81E-25,1.2E-25
472,5770,5.24E-25,1.1E-25
472,5780,5.13E-25,1.3E-25
472,5790,4.37E-25,1.2E-25
472,5800,3.79E-25,1.4E-25
472,5810,3.45E-25,8.8E-26
472,5820,3.32E-25,9.7E-26
472,5830,3.12E-25,7.8E-26
472,5840,2.79E-25,8.1E-26
472,5850,2.58E-25,6.4E-26
472,5860,2.31E-25,6.8E-26
472,5870,2.26E-25,5.8E-26
472,5880,2.06E-25,4.9E-26
472,5890,1.83E-25,4.2E-26
472,5900,1.80E-25,4.6E-26
472,5910,1.62E-25,4.8E-26
472,5920,1.49E-25,4.2E-26
472,5930,1.41E-25,3.8E-26
472,5940,1.42E-25,3.2E-26
472,5950,1.28E-25,3.7E-26
472,5960,1.12E-25,3.3E-26
472,5970,9.76E-26,3.2E-26
472,5980,9.32E-26,2.6E-26
472,5990,9.08E-26,2.3E-26
472,6000,9.03E-26,2.6E-26
472,6010,8.37E-26,2.6E-26
472,6020,8.19E-26,2.3E-26
472,6030,7.22E-26,2.2E-26
472,6040,6.92E-26,1.9E-26
472,6050,6.23E-26,2.0E-26
472,6060,5.89E-26,1.8E-26
472,6070,5.51E-26,1.8E-26
472,6080,5.40E-26,1.7E-26
472,6090,5.25E-26,1.6E-26
472,6100,4.90E-26,1.6E-26
472,6110,4.65E-26,1.4E-26
472,6120,4.46E-26,1.5E-26
472,6130,4.26E-26,1.6E-26
472,6140,4.04E-26,1.4E-26
472,6150,3.82E-26,1.3E-26
472,6160,3.63E-26,1.3E-26
472,6170,3.44E-26,1.3E-26
472,6180,3.20E-26,1.2E-26
472,6190,3.13E-26,1.3E-26
472,6200,3.04E-26,1.2E-26
472,6210,2.93E-26,1.2E-26
472,6220,2.88E-26,1.2E-26
472,6230,2.79E-26,1.2E-26
472,6240,2.69E-26,1.1E-26
472,6250,2.57E-26,1.2E-26
472,6260,2.50E-26,1.2E-26
472,6270,2.48E-26,1.2E-26
472,6280,2.52E-26,1.2E-26
472,6290,2.50E-26,1.2E-26
472,6300,2.48E-26,1.1E-26
472,6310,2.47E-26,1.1E-26
472,6320,2.50E-26,1.1E-26
472,6330,2.51E-26,1.2E-26
472,6340,2.66E-26,1.3E-26
472,6350,2.75E-26,1.2E-26
472,6360,2.73E-26,1.2E-26
472,6370,2.76E-26,1.2E-26
472,6380,2.72E-26,1.4E-26
472,6390,2.80E-26,1.5E-26
472,6400,2.88E-26,1.4E-26
472,6410,2.96E-26,1.4E-26
472,6420,3.19E-26,1.6E-26
472,6430,3.21E-26,1.6E-26
472,6440,3.70E-26,1.5E-26
472,6450,3.80E-26,1.7E-26
472,6460,4.34E-26,1.9E-26
472,6470,4.87E-26,1.9E-26
472,6480,4.93E-26,2.4E-26
472,6490,5.00E-26,2.3E-26
472,6500,5.59E-26,2.3E-26
472,6510,6.26E-26,3.1E-26
472,6520,7.06E-26,2.7E-26
472,6530,7.96E-26,3.7E-26
472,6540,8.98E-26,3.6E-26
472,6550,1.01E-25,5.4E-26
472,6560,1.14E-25,6.3E-26
472,6570,1.29E-25,7.4E-26
472,6580,1.46E-25,7.1E-26
472,6590,1.64E-25,8.9E-26
472,6600,1.62E-25,6.6E-26
472,6610,1.58E-25,1.1E-25
472,6620,1.83E-25,1.2E-25
472,6630,2.89E-25,2.2E-25
472,6640,3.99E-25,1.4E-25
472,6650,3.36E-25,2.5E-25
472,6660,5.01E-25,1.7E-25
472,6670,4.79E-25,2.1E-25
472,6680,6.36E-25,2.8E-25
472,6690,5.96E-25,2.7E-25
472,7490,2.16E-24,6.4E-25
472,7500,1.76E-24,5.5E-25
472,7510,1.57E-24,6.2E-25
472,7520,1.34E-24,3.9E-25
472,7530,1.08E-24,3.9E-25
472,7540,9.71E-25,2.8E-25
472,7550,9.12E-25,2.3E-25
472,7560,8.81E-25,2.4E-25
472,7570,7.05E-25,2.1E-25
472,7580,6.44E-25,2.0E-25
472,7590,5.99E-25,1.6E-25
472,7600,5.29E-25,1.7E-25
472,7610,4.87E-25,1.9E-25
472,7620,4.38E-25,1.5E-25
472,7630,4.25E-25,1.5E-25
472,7640,3.70E-25,1.3E-25
472,7650,3.62E-25,1.0E-25
472,7660,3.18E-25,1.2E-25
472,7670,2.83E-25,1.2E-25
472,7680,2.81E-25,8.3E-26
472,7690,2.79E-25,8.6E-26
472,7700,2.61E-25,6.4E-26
472,7710,2.18E-25,8.2E-26
472,7720,2.16E-25,6.5E-26
472,7730,2.13E-25,5.5E-26
472,7740,2.11E-25,8.1E-26
472,7750,2.08E-25,4.6E-26
472,7760,1.98E-25,5.2E-26
472,7770,1.60E-25,4.1E-26
472,7780,1.44E-25,3.8E-26
472,7790,1.38E-25,4.0E-26
472,7800,1.27E-25,3.4E-26
472,7810,1.14E-25,3.3E-26
472,7820,1.07E-25,3.2E-26
472,7830,1.05E-25,2.6E-26
472,7840,9.54E-26,2.7E-26
472,7850,8.59E-26,2.4E-26
472,7860,7.66E-26,2.3E-26
472,7870,7.11E-26,2.0E-26
472,7880,6.72E-26,1.8E-26
472,7890,6.35E-26,2.1E-26
472,7900,6.19E-26,1.9E-26
472,7910,5.77E-26,1.8E-26
472,7920,5.42E-26,1.7E-26
472,7930,5.29E-26,1.7E-26
472,7940,4.99E-26,1.5E-26
472,7950,4.66E-26,1.7E-26
472,7960,4.30E-26,1.5E-26
472,7970,4.05E-26,1.6E-26
472,7980,3.90E-26,1.4E-26
472,7990,3.76E-26,1.3E-26
472,8000,3.55E-26,1.5E-26
472,8010,3.47E-26,1.5E-26
472,8020,3.40E-26,1.4E-26
472,8030,3.24E-26,1.3E-26
472,8040,3.15E-26,1.3E-26
472,8050,2.94E-26,1.4E-26
472,8060,2.82E-26,1.7E-26
472,8070,2.74E-26,1.3E-26
472,8080,2.78E-26,1.3E-26
472,8090,2.95E-26,1.6E-26
472,8100,3.05E-26,1.8E-26
472,8110,3.16E-26,2.4E-26
472,8120,3.17E-26,2.2E-26
472,8130,3.43E-26,2.6E-26
472,8140,3.44E-26,2.2E-26
472,8150,3.62E-26,3.7E-26
472,8160,3.94E-26,2.8E-26
472,8170,4.13E-26,3.6E-26
472,8180,4.29E-26,3.5E-26
472,8190,4.25E-26,2.7E-26
472,8200,4.88E-26,3.2E-26
472,8210,5.36E-26,3.7E-26
472,8220,6.12E-26,5.0E-26
472,8230,6.99E-26,6.0E-26
472,8240,7.16E-26,5.7E-26
472,8250,7.62E-26,8.1E-26
472,8260,7.78E-26,4.4E-26
472,8270,7.71E-26,6.9E-26
472,8280,8.22E-26,7.0E-26
472,8290,8.94E-26,5.5E-26
472,8300,9.44E-26,5.5E-26
472,8310,9.55E-26,8.4E-26
472,8320,9.78E-26,7.6E-26
472,8330,1.02E-25,7.8E-26
472,8340,1.02E-25,1.7E-25
472,8350,9.85E-26,7.1E-26
472,8360,9.59E-26,7.5E-26
472,8370,9.65E-26,8.5E-26
472,8380,1.01E-25,5.5E-26
472,8390,1.17E-25,6.3E-26
472,8400,1.23E-25,8.2E-26
472,8410,1.40E-25,9.0E-26
472,8420,1.50E-25,1.1E-25
472,8430,1.75E-25,9.1E-26
472,8440,1.85E-25,1.5E-25
472,8450,1.82E-25,9.0E-26
472,8460,2.10E-25,2.8E-25
472,8470,2.24E-25,1.3E-25
472,8480,2.52E-25,9.6E-26
472,8490,2.44E-25,2.1E-25
472,8500,2.38E-25,9.7E-26
472,8510,2.55E-25,1.3E-25
472,8520,2.73E-25,4.0E-25
472,8530,2.80E-25,1.6E-25
472,8540,3.61E-25,1.9E-25
472,8550,4.68E-25,2.7E-25
472,8560,5.56E-25,3.5E-25
472,8570,6.26E-25,5.2E-25
472,8580,6.70E-25,4.6E-25
472,8590,7.81E-25,3.9E-25
472,9070,1.82E-25,2.2E-25
472,9080,1.39E-25,1.4E-25
472,9090,1.36E-25,1.2E-25
472,9100,1.11E-25,1.4E-25
472,9110,9.80E-26,1.2E-25
472,9120,7.95E-26,6.6E-26
472,9130,6.71E-26,7.6E-26
472,9140,5.88E-26,4.5E-26
472,9150,5.11E-26,4.5E-26
472,9160,4.81E-26,2.9E-26
472,9170,4.49E-26,3.1E-26
472,9180,4.23E-26,3.2E-26
472,9190,3.76E-26,2.3E-26
472,9200,3.24E-26,2.6E-26
472,9210,3.21E-26,2.7E-26
472,9220,2.85E-26,3.0E-26
472,9230,2.71E-26,2.1E-26
472,9240,2.27E-26,1.8E-26
472,9250,2.20E-26,2.5E-26
472,9260,2.17E-26,2.3E-26
472,9270,2.07E-26,1.3E-26
472,9280,1.84E-26,1.3E-26
472,9290,1.72E-26,1.0E-26
472,9300,1.47E-26,1.2E-26
472,9310,1.46E-26,8.6E-27
472,9320,1.26E-26,9.3E-27
472,9330,1.22E-26,1.1E-26
472,9340,1.05E-26,8.1E-27
472,9350,1.04E-26,9.5E-27
472,9360,1.03E-26,1.1E-26
472,9370,1.03E-26,8.5E-27
472,9380,9.71E-27,6.4E-27
472,9390,9.17E-27,7.0E-27
472,9400,8.72E-27,6.1E-27
472,9410,7.95E-27,5.8E-27
472,9420,7.67E-27,5.9E-27
472,9430,7.02E-27,5.9E-27
472,9440,6.73E-27,6.0E-27
472,9450,6.59E-27,6.6E-27
472,9460,6.20E-27,4.5E-27
472,9470,5.98E-27,4.9E-27
472,9480,5.98E-27,5.9E-27
472,9490,5.90E-27,5.6E-27
472,9500,5.75E-27,5.0E-27
472,9510,5.64E-27,5.4E-27
472,9520,5.63E-27,5.3E-27
472,9530,5.58E-27,5.3E-27
472,9540,5.53E-27,5.2E-27
472,9550,5.44E-27,5.5E-27
472,9560,5.36E-27,4.4E-27
472,9570,5.36E-27,5.2E-27
472,9580,5.24E-27,5.3E-27
472,9590,5.21E-27,5.2E-27
